Amplicon_ID,pLeft_ID,pLeft_coord,pLeft_length,pLeft_Tm,pLeft_GC,pLeft_Sequences,pLeft_EndStability,pRight_ID,pRight_coord,pRight_length,pRight_Tm,pRight_GC,pRight_Sequences,pRight_EndStability,Penalty,Product_size,Amplicon_type,Redesign,Designed_ranges
A1-sp,P1-sp-L1,778851,20,59.96,55.0,GACCACAACCAGGATGAGCA,4.26,P1-sp-R1,780043,20,59.97,55.0,GAGGTGGTCGAGAAACCGTT,4.44,0.07,1192,Gene_specific:Rv0678,-,"[778990, 779990]"
A1-ns,P1-ns-L1,760259,20,59.97,60.0,CCGATGATGACCGAGAAGGG,3.95,P1-ns-R1,761385,20,59.97,60.0,CGGTCAGGTACACGATCTCG,4.04,0.06,1126,Non_specific,-,"[760314, 761314]"
A2-ns,P2-ns-L1,2154829,20,59.83,55.0,CAAGGTATCTCGCAACGGGA,5.14,P2-ns-R1,2155994,20,60.32,55.0,CCCAACCGGCTCAATCTGAA,3.02,0.5,1165,Non_specific,-,"[2154853, 2155853]"
A3-ns,P3-ns-L1,2288104,20,60.18,55.0,GATACGCAGCGGACTTGTCT,3.41,P3-ns-R1,2289310,20,60.04,60.0,CCCTATATCTGTGGCTGCCG,5.69,0.22,1206,Non_specific,-,"[2288257, 2289257]"
A4-ns,P4-ns-L2,4247163,20,59.7,55.0,GAAACTGCTGRCGATCATCG,3.84,P4-ns-R2,4248280,20,60.04,55.0,GGGCGTGAACATCAGGAAGA,2.87,0.34,1117,Non_specific,-,"[4247186, 4248186]"
A5-ns,P5-ns-L1,781520,20,59.97,50.0,AAACAGAACGTGAAAGCGCC,6.53,P5-ns-R1,782669,20,60.04,55.0,CGCTCCTGTTCCTGTTCCAT,3.41,0.06,1149,Non_specific,-,"[781585, 782585]"
A6-ns,P6-ns-L8,1673299,20,59.97,55.0,GGTCGAAGTGTGCTGAGTCA,3.41,P6-ns-R8,1674530,20,60.67,55.0,TCGAAGAACGGGTTGATGCC,4.4,0.7,1231,Non_specific,-,"[1673373, 1674373]"
A7-ns,P7-ns-L1,1472310,20,59.9,60.0,CGGATTGACGGTAGGTGGAG,3.86,P7-ns-R1,1473520,20,59.97,55.0,AAGTCCGAGTGTTGCCTCAG,3.35,0.14,1210,Non_specific,-,"[1472358, 1473358]"
A8-ns,P8-ns-L1,6458,20,60.25,55.0,TGAACAAGGCTGTGTCCTCG,4.63,P8-ns-R1,7776,20,59.97,60.0,GGCCGTCGTAGTTAGGGATG,3.51,0.28,1318,Non_specific,-,"[6620, 7620]"
A9-ns,P9-ns-L1,4407443,20,59.89,55.0,CCCGCTGGAATGGTTCGATA,2.92,P9-ns-R1,4408568,20,59.82,55.0,GAGCCGGTTGATGCTAGACA,3.41,0.28,1125,Non_specific,-,"[4407543, 4408543]"
A10-ns,P10-ns-L1,4325984,20,59.98,55.0,CGCTAAACCGTCGCTAAAGC,3.51,P10-ns-R1,4327186,20,60.11,55.0,GCATATCCGGTTCCACCACA,4.17,0.13,1202,Non_specific,-,"[4326081, 4327081]"
A11-ns,P11-ns-L1,2715310,20,60.04,60.0,GGCTACACAGGGTCACAGTC,3.51,P11-ns-R1,2716500,20,59.39,50.0,TCGTGATGGCATTCACTGGA,3.86,0.65,1190,Non_specific,-,"[2715339, 2716339]"
A12-ns,P12-ns-L1,4327146,20,60.11,55.0,CCAATCGGCACTGATCACCT,4.0,P12-ns-R1,4328258,20,59.97,55.0,GAGATCTGCATGCCGCTTTG,2.77,0.14,1112,Non_specific,-,"[4327189, 4328189]"
A13-ns,P13-ns-L1,4243046,20,60.11,60.0,GGTTGACGCCTTACTACCCC,4.95,P13-ns-R1,4244363,19,60.01,57.89473684210526,GTRGTTGAACGGCAGCCAG,4.85,1.12,1317,Non_specific,-,"[4243203, 4244203]"
A14-ns,P14-ns-L1,764221,20,60.32,55.0,AAGGGGCAGAAGAAGCTTCG,3.79,P14-ns-R1,765492,20,59.97,55.0,ACGATCATCGGGTAACGCTC,5.03,0.35,1271,Non_specific,-,"[764363, 765363]"
A15-ns,P15-ns-L1,2725972,20,59.69,55.0,ACGTCGACTGGCTCATATCG,2.92,P15-ns-R1,2727172,20,60.18,60.0,CGAAGGACCAGAGCTCGAAG,3.79,0.49,1200,Non_specific,-,"[2726112, 2727112]"
A16-ns,P16-ns-L1,2747002,20,59.89,55.0,ATGCTGATCGGGGTGATGAC,3.06,P16-ns-R1,2748271,20,59.96,55.0,GGTACCTCGAACTGGCCAAA,3.28,0.14,1269,Non_specific,-,"[2747141, 2748141]"
A17-ns,P17-ns-L1,4248699,20,59.55,60.0,GTACCCGACCTACTCCAACG,4.1,P17-ns-R1,4249894,20,59.97,55.0,TGCATACCGAGCAGCATAGG,2.57,0.49,1195,Non_specific,-,"[4248747, 4249747]"
A18-ns,P18-ns-L1,1674705,20,59.97,55.0,GAGTCGGTCAACAGGTTCGT,3.85,P18-ns-R1,1675821,20,59.97,55.0,CGGCTTGTAATCGCAACTCG,4.18,0.06,1116,Non_specific,-,"[1674782, 1675782]"
A19-ns,P19-ns-L1,1917788,20,60.18,55.0,ATCGACGCCCTACTTGCTTC,3.86,P19-ns-R1,1918992,20,59.97,55.0,CCAAAACCAGCACCAGTTCG,3.95,0.21,1204,Non_specific,-,"[1917939, 1918939]"
A20-ns,P20-ns-L1,3840256,20,60.04,55.0,GTAMTGGRTGGTGCCGACAA,3.18,P20-ns-R1,3841544,20,60.11,55.0,GCAATCTGAGCCAAACACCG,4.94,0.15,1288,Non_specific,-,"[3840393, 3841393]"
