Amplicon_ID,Gene,SNP_
A21-ns,gyrB,Arg446Cys
A21-ns,gyrB,Arg446His
A21-ns,gyrB,Arg446Leu
A21-ns,gyrB,Ser447Phe
A21-ns,gyrB,Asp461Asn
A21-ns,gyrB,Asp461His
A21-ns,gyrB,Asp461Ala
A21-ns,gyrB,Gly470Cys
A21-ns,gyrB,Gly470Ala
A21-ns,gyrB,Ile486Leu
A21-ns,gyrB,Asp494Ala
A21-ns,gyrB,Asn499Asp
A21-ns,gyrB,Asn499Tyr
A21-ns,gyrB,Asn499Thr
A21-ns,gyrB,Asn499Lys
A21-ns,gyrB,Thr500Pro
A21-ns,gyrB,Thr500Asn
A21-ns,gyrB,Thr500Ile
A21-ns,gyrB,Glu501Val
A21-ns,gyrB,Glu501Asp
A21-ns,gyrB,Ala504Thr
A21-ns,gyrB,Ala504Val
A21-ns,gyrB,Thr507Met
A21-ns,gyrB,Gln538His
A8-ns,gyrB,Val670Phe
A8-ns,gyrA,His70Arg
A8-ns,gyrA,Ala74Ser
A8-ns,gyrA,Gly88Cys
A8-ns,gyrA,Gly88Ala
A8-ns,gyrA,Asp89Asn
A8-ns,gyrA,Ala90Val
A8-ns,gyrA,Ala90Glu
A8-ns,gyrA,Ser91Pro
A8-ns,gyrA,Ser91Ala
A8-ns,gyrA,Asp94Asn
A8-ns,gyrA,Asp94His
A8-ns,gyrA,Asp94Tyr
A8-ns,gyrA,Asp94Gly
A8-ns,gyrA,Asp94Ala
A8-ns,gyrA,Asp94Val
A8-ns,gyrA,Pro102His
-,fgd1,148dupC
-,fgd1,Gln88Glu
-,rpoB,Val170Phe
A1-ns,rpoB,Ala286Val
A1-ns,rpoB,Thr400Ala
A1-ns,rpoB,Gln409His
A1-ns,rpoB,Glu423Ala
A1-ns,rpoB,Phe424Leu
A1-ns,rpoB,Phe424Val
A1-ns,rpoB,Phe424Ser
A1-ns,rpoB,1276_1281delGGCACC
A1-ns,rpoB,1279_1284delACCAGC
A1-ns,rpoB,Gly426Ser
A1-ns,rpoB,Gly426Asp
A1-ns,rpoB,1278_1286delCACCAGCCA
A1-ns,rpoB,1280_1291delCCAGCCAGCTGA
A1-ns,rpoB,Thr427Pro
A1-ns,rpoB,Thr427Ala
A1-ns,rpoB,1280_1285delCCAGCC
A1-ns,rpoB,Thr427Ser
A1-ns,rpoB,Thr427Gly
A1-ns,rpoB,Thr427Ile
A1-ns,rpoB,Thr427Asn
A1-ns,rpoB,1287_1295delGCTGAGCCA
A1-ns,rpoB,Ser428Gly
A1-ns,rpoB,Ser428Arg
A1-ns,rpoB,Ser428Thr
A1-ns,rpoB,Ser428Ile
A1-ns,rpoB,Gln429Lys
A1-ns,rpoB,Gln429Leu
A1-ns,rpoB,Gln429Pro
A1-ns,rpoB,Gln429His
A1-ns,rpoB,1291_1302delAGCCAATTCATG
A1-ns,rpoB,Leu430Val
A1-ns,rpoB,Leu430Pro
A1-ns,rpoB,Leu430Arg
A1-ns,rpoB,1292_1294dupGCC
A1-ns,rpoB,Ser431Gly
A1-ns,rpoB,Ser431Arg
A1-ns,rpoB,1294_1299delCAATTC
A1-ns,rpoB,Ser431Thr
A1-ns,rpoB,1296_1307delATTCATGGACCA
A1-ns,rpoB,1293_1295dupCCA
A1-ns,rpoB,1294_1302delCAATTCATG
A1-ns,rpoB,1294_1296delCAA
A1-ns,rpoB,Gln432Glu
A1-ns,rpoB,Gln432Lys
A1-ns,rpoB,1296_1304delATTCATGGA
A1-ns,rpoB,Gln432Asn
A1-ns,rpoB,Gln432Leu
A1-ns,rpoB,Gln432Pro
A1-ns,rpoB,Gln432Arg
A1-ns,rpoB,1297_1299dupTTC
A1-ns,rpoB,1297_1305delTTCATGGAC
A1-ns,rpoB,Gln432His
A1-ns,rpoB,1300_1305delATGGAC
A1-ns,rpoB,Phe433Leu
A1-ns,rpoB,Met434Val
A1-ns,rpoB,Met434Leu
A1-ns,rpoB,Met434Thr
A1-ns,rpoB,1302_1310delGGACCAGAA
A1-ns,rpoB,1303_1317delGACCAGAACAACCCG
A1-ns,rpoB,1303_1308delGACCAG
A1-ns,rpoB,Met434Ile
A1-ns,rpoB,1303_1305delGAC
A1-ns,rpoB,Asp435Tyr
A1-ns,rpoB,Asp435Phe
A1-ns,rpoB,Asp435Asn
A1-ns,rpoB,Asp435His
A1-ns,rpoB,1306_1311delCAGAAC
A1-ns,rpoB,Asp435Leu
A1-ns,rpoB,1305_1307delCCA
A1-ns,rpoB,Asp435Val
A1-ns,rpoB,Asp435Gly
A1-ns,rpoB,Asp435Ala
A1-ns,rpoB,Asp435Glu
A1-ns,rpoB,1306_1308delCAG
A1-ns,rpoB,Gln436Asn
A1-ns,rpoB,Gln436Leu
A1-ns,rpoB,Gln436Pro
A1-ns,rpoB,1312_1314delAAC
A1-ns,rpoB,Gln436His
A1-ns,rpoB,Asn437Asp
A1-ns,rpoB,Asn437His
A1-ns,rpoB,Asn437Tyr
A1-ns,rpoB,Asn437Thr
A1-ns,rpoB,Asn437Ile
A1-ns,rpoB,Asn437Ser
A1-ns,rpoB,Asn438Lys
A1-ns,rpoB,Pro439Ser
A1-ns,rpoB,Pro439Leu
A1-ns,rpoB,Leu440Pro
A1-ns,rpoB,Ser441Ala
A1-ns,rpoB,Ser441Gln
A1-ns,rpoB,Ser441Met
A1-ns,rpoB,Ser441Val
A1-ns,rpoB,Ser441Leu
A1-ns,rpoB,Ser441Trp
A1-ns,rpoB,Gly442Trp
A1-ns,rpoB,Gly442Glu
A1-ns,rpoB,Gly442Ala
A1-ns,rpoB,1327_1332delTTGACC
A1-ns,rpoB,Leu443Trp
A1-ns,rpoB,1329_1331dupGAC
A1-ns,rpoB,Leu443Ser
A1-ns,rpoB,Leu443Phe
A1-ns,rpoB,1330_1332dupACC
A1-ns,rpoB,Thr444Pro
A1-ns,rpoB,Thr444Ser
A1-ns,rpoB,Thr444Ile
A1-ns,rpoB,1334_1339delACAAGC
A1-ns,rpoB,His445Asn
A1-ns,rpoB,His445Asp
A1-ns,rpoB,His445Tyr
A1-ns,rpoB,His445Ser
A1-ns,rpoB,His445Thr
A1-ns,rpoB,His445Cys
A1-ns,rpoB,His445Gly
A1-ns,rpoB,His445Phe
A1-ns,rpoB,His445Pro
A1-ns,rpoB,His445Arg
A1-ns,rpoB,His445Leu
A1-ns,rpoB,His445Gln
A1-ns,rpoB,Lys446Gln
A1-ns,rpoB,Lys446Glu
A1-ns,rpoB,Lys446Thr
A1-ns,rpoB,Lys446Arg
A1-ns,rpoB,Lys446Asn
A1-ns,rpoB,Arg448Lys
A1-ns,rpoB,Arg448Gln
A1-ns,rpoB,1348_1356delTCGGCGCTG
A1-ns,rpoB,Leu449Met
A1-ns,rpoB,Ser450Ala
A1-ns,rpoB,Ser450Gly
A1-ns,rpoB,Ser450Met
A1-ns,rpoB,Ser450Val
A1-ns,rpoB,Ser450Gln
A1-ns,rpoB,Ser450Leu
A1-ns,rpoB,Ser450Trp
A1-ns,rpoB,Ser450Phe
A1-ns,rpoB,Ser450Cys
A1-ns,rpoB,Ser450Tyr
A1-ns,rpoB,Ala451Val
A1-ns,rpoB,Ala451Gly
A1-ns,rpoB,Leu452Met
A1-ns,rpoB,Leu452Val
A1-ns,rpoB,Leu452Pro
A1-ns,rpoB,Leu452Gln
A1-ns,rpoB,Pro454Ser
A1-ns,rpoB,Pro454His
A1-ns,rpoB,Pro454Arg
A1-ns,rpoB,Glu460Gly
A1-ns,rpoB,Leu464Met
A1-ns,rpoB,Ile480Val
A1-ns,rpoB,Ile480Thr
A1-ns,rpoB,Glu481Gly
A1-ns,rpoB,Thr482Pro
A1-ns,rpoB,Pro483Leu
A1-ns,rpoB,Leu490Val
A1-ns,rpoB,Ile491Phe
A1-ns,rpoB,Ser493Leu
A1-ns,rpoB,1649_1651dupAGC
A1-ns,rpoB,Arg552Cys
-,rpoB,Glu592Asp
A28-ns,rpoB,Glu761Asp
-,rpoB,Gly981Asp
A4-sp,mmpR5,Ser63Arg
A4-sp,mmpR5,198dupG
A4-sp,mmpR5,Ser68Gly
A4-sp,mmpR5,Arg94Gln
A4-sp,mmpR5,Arg134*
A4-sp,mmpR5,Glu138Gly
A4-ns,rpsL,Arg9His
A4-ns,rpsL,Thr40Ile
A4-ns,rpsL,Lys43Arg
A4-ns,rpsL,Lys43Thr
A4-ns,rpsL,Arg86Trp
A4-ns,rpsL,Arg86Pro
A4-ns,rpsL,Val87Leu
A4-ns,rpsL,Lys88Gln
A4-ns,rpsL,Lys88Arg
A4-ns,rpsL,Lys88Thr
A4-ns,rpsL,Lys88Met
A11-ns,rplC,Cys154Arg
-,embR,Gln379Arg
-,embR,Ser326Asn
-,embR,Leu320Val
-,embR,Leu292Met
-,embR,Gly240Arg
-,embR,Arg230Trp
-,embR,Glu200Ala
-,embR,Ser188Arg
-,embR,Leu172Arg
-,embR,Asp53His
-,embR,Thr32Pro
-,embR,Val7Gly
-,rrs,n.190G>A
A12-ns,rrs,n.277G>C
A12-ns,rrs,n.427G>T
A12-ns,rrs,n.427G>C
A12-ns,rrs,n.462C>T
A12-ns,rrs,n.513C>T
A12-ns,rrs,n.514A>C
A12-ns,rrs,n.514A>T
A12-ns,rrs,n.516C>T
A12-ns,rrs,n.517C>T
A12-ns,rrs,n.628G>C
A12-ns,rrs,n.799C>T
"A9-ns,A12-ns",rrs,n.878G>A
"A9-ns,A12-ns",rrs,n.888G>A
"A9-ns,A12-ns",rrs,n.905C>G
"A9-ns,A12-ns",rrs,n.905C>A
"A9-ns,A12-ns",rrs,n.906A>G
"A9-ns,A12-ns",rrs,n.907A>T
"A9-ns,A12-ns",rrs,n.907A>C
"A9-ns,A12-ns",rrs,n.908A>G
A9-ns,rrs,n.1158G>T
A9-ns,rrs,n.1338A>C
A9-ns,rrs,n.1401A>G
A9-ns,rrs,n.1402C>A
A9-ns,rrs,n.1402C>T
A9-ns,rrs,n.1484G>T
A7-ns,rrl,n.2299G>T
A7-ns,rrl,n.2814G>T
A5-ns,fabG1,
A5-ns,fabG1,
A5-ns,fabG1,
A5-ns,fabG1,
A5-ns,fabG1,
A5-ns,fabG1,
A5-ns,fabG1,
A5-ns,fabG1,
A5-ns,inhA,
-,inhA,Ile16Thr
A17-ns,inhA,Ile21Val
A17-ns,inhA,Ile21Thr
A17-ns,inhA,Gly40Trp
A17-ns,inhA,Ser94Ala
A17-ns,inhA,Ser94Leu
A17-ns,inhA,Ile95Thr
A17-ns,inhA,Ile194Thr
-,rpsA,Glu433Asp
-,rpsA,Arg474Trp
-,rpsA,Arg474Leu
-,tlyA,1dupG
-,tlyA,2delT
-,tlyA,Arg3*
-,tlyA,12_13dupTG
-,tlyA,15_31delCCGCGTTGACGCCGAGC
-,tlyA,16dupC
-,tlyA,15_16dupCC
-,tlyA,39dupG
-,tlyA,44delG
-,tlyA,Arg14Trp
-,tlyA,43_44dupGG
-,tlyA,44dupG
-,tlyA,46dupC
-,tlyA,52_53delCG
-,tlyA,52_53dupCG
-,tlyA,53dupG
-,tlyA,Arg18*
-,tlyA,55dupT
-,tlyA,56dupC
-,tlyA,59dupG
-,tlyA,Gln22*
-,tlyA,69_71delCGC
-,tlyA,78dupG
-,tlyA,78_79dupGA
-,tlyA,80dupT
-,tlyA,81dupC
-,tlyA,89dupG
-,tlyA,90delC
-,tlyA,92_95delAGGT
-,tlyA,100delA
-,tlyA,102_121delCGACGGGCTGCCGGCGGTCA
-,tlyA,109_110insACCT
-,tlyA,113delC
-,tlyA,115dupG
-,tlyA,118delG
-,tlyA,118dupG
-,tlyA,125dupC
-,tlyA,126_127dupGG
-,tlyA,130delA
-,tlyA,138_139delGT
-,tlyA,136dupG
-,tlyA,137delT
-,tlyA,139_140insA
-,tlyA,142dupG
-,tlyA,145_146dupAC
-,tlyA,159dupC
-,tlyA,170_174delACAGT
-,tlyA,170delA
-,tlyA,171_175dupCAGTG
-,tlyA,174delT
-,tlyA,175_176dupGA
-,tlyA,175dupG
-,tlyA,178dupC
-,tlyA,181_182dupGC
-,tlyA,187dupG
-,tlyA,Gly66*
-,tlyA,198_199delAG
-,tlyA,198_199dupAG
-,tlyA,198delA
-,tlyA,201_202dupGC
-,tlyA,199dupG
-,tlyA,Ala67Glu
-,tlyA,203_213delACAAACTAGTC
-,tlyA,202dupC
-,tlyA,203_212delACAAACTAGT
-,tlyA,207dupA
-,tlyA,207delA
-,tlyA,Lys69Glu
-,tlyA,212dupT
-,tlyA,215delG
-,tlyA,219_220dupGC
-,tlyA,217delG
-,tlyA,219dupG
-,tlyA,Leu74Pro
-,tlyA,226delG
-,tlyA,229_254delTTCGCGATCGCGGTGGCGGGCCGGCG
-,tlyA,227_228dupCG
-,tlyA,239_240dupCG
-,tlyA,244delG
-,tlyA,257_258delGT
-,tlyA,256_257insA
-,tlyA,262delG
-,tlyA,269dupG
-,tlyA,269delG
-,tlyA,268_269dupGG
-,tlyA,271_272dupGC
-,tlyA,269_272dupGCGC
-,tlyA,272dupC
-,tlyA,273delA
-,tlyA,Ala91Glu
-,tlyA,273_274delAT
-,tlyA,281dupG
-,tlyA,285dupG
-,tlyA,292delG
-,tlyA,297delA
-,tlyA,299delT
-,tlyA,309delT
-,tlyA,311dupG
-,tlyA,315dupC
-,tlyA,315delC
-,tlyA,319delC
-,tlyA,328delG
-,tlyA,330dupC
-,tlyA,331delG
-,tlyA,330_331insA
-,tlyA,341delG
-,tlyA,Gln117*
-,tlyA,351dupG
-,tlyA,Leu118Pro
-,tlyA,357_654del
-,tlyA,363_364dupGC
-,tlyA,364dupC
A26-ns,tlyA,373_376dupGATC
A26-ns,tlyA,377_393delCTCGGGTGGTGGTCCTC
A26-ns,tlyA,375dupT
A26-ns,tlyA,379_380delCG
A26-ns,tlyA,382delG
A26-ns,tlyA,385delG
A26-ns,tlyA,386_387dupTG
A26-ns,tlyA,387_388dupGG
A26-ns,tlyA,388dupG
A26-ns,tlyA,388delG
A26-ns,tlyA,387_390dupGGTC
A26-ns,tlyA,387_391dupGGTCC
A26-ns,tlyA,391dupC
A26-ns,tlyA,392delT
A26-ns,tlyA,395_398dupAGCG
A26-ns,tlyA,395_396dupAG
A26-ns,tlyA,395dupA
A26-ns,tlyA,396dupG
A26-ns,tlyA,397_398delCG
A26-ns,tlyA,397_398dupCG
A26-ns,tlyA,397dupC
A26-ns,tlyA,399delG
A26-ns,tlyA,404_405delAC
A26-ns,tlyA,407_410dupCACG
A26-ns,tlyA,411_412delTG
A26-ns,tlyA,411delT
A26-ns,tlyA,413dupG
A26-ns,tlyA,412_413dupGG
A26-ns,tlyA,412_415dupGGCC
A26-ns,tlyA,415dupC
A26-ns,tlyA,416delT
A26-ns,tlyA,416_429delTCACACCGGAGGCG
A26-ns,tlyA,416_426delTCACACCGGAG
A26-ns,tlyA,420_421dupAC
A26-ns,tlyA,418delA
A26-ns,tlyA,430dupA
A26-ns,tlyA,444_745del
A26-ns,tlyA,444dupC
A26-ns,tlyA,451delG
A26-ns,tlyA,Leu150Pro
A26-ns,tlyA,450_451insT
A26-ns,tlyA,460delG
A26-ns,tlyA,474delC
A26-ns,tlyA,Ser159*
A26-ns,tlyA,484_490delACCGTGT
A26-ns,tlyA,513_514delTT
A26-ns,tlyA,518delG
A26-ns,tlyA,521_522insG
A26-ns,tlyA,527dupA
A26-ns,tlyA,536delC
A26-ns,tlyA,542delT
A26-ns,tlyA,543dupG
A26-ns,tlyA,549delG
A26-ns,tlyA,Pro183Leu
A26-ns,tlyA,Gln184*
A26-ns,tlyA,551_554delAGTT
A26-ns,tlyA,555delT
A26-ns,tlyA,Phe185Leu
A26-ns,tlyA,556delG
A26-ns,tlyA,564delG
A26-ns,tlyA,563_564dupGG
A26-ns,tlyA,564dupG
A26-ns,tlyA,567delA
A26-ns,tlyA,567dupA
A26-ns,tlyA,570dupT
A26-ns,tlyA,581_582dupCC
A26-ns,tlyA,582delC
A26-ns,tlyA,582dupC
A26-ns,tlyA,584dupG
A26-ns,tlyA,588_592dupGGTGG
A26-ns,tlyA,585_588delTGGG
A26-ns,tlyA,585_586delTG
A26-ns,tlyA,585delT
A26-ns,tlyA,585dupT
A26-ns,tlyA,589dupG
A26-ns,tlyA,588_589dupGG
A26-ns,tlyA,589delG
A26-ns,tlyA,587_588insA
A26-ns,tlyA,590_591delTG
A26-ns,tlyA,590_591dupTG
A26-ns,tlyA,590delT
A26-ns,tlyA,592dupG
A26-ns,tlyA,590_591insA
A26-ns,tlyA,591_592dupGG
A26-ns,tlyA,592delG
A26-ns,tlyA,592_755del
A26-ns,tlyA,593delT
A26-ns,tlyA,602delC
A26-ns,tlyA,602dupC
A26-ns,tlyA,601_638delCCGCAGTTGCGTGCGCGGTCGGTGCTCGCGGTCGCGCG
A26-ns,tlyA,616_617dupCG
A26-ns,tlyA,613dupG
A26-ns,tlyA,622_634dupGTGCTCGCGGTCG
A26-ns,tlyA,622_634delGTGCTCGCGGTCG
A26-ns,tlyA,616dupC
A26-ns,tlyA,620delC
A26-ns,tlyA,628delG
A26-ns,tlyA,631_632delGT
A26-ns,tlyA,632dupT
A26-ns,tlyA,637_638delCG
A26-ns,tlyA,636delG
A26-ns,tlyA,642_643dupGG
A26-ns,tlyA,643dupG
A26-ns,tlyA,645delA
A26-ns,tlyA,649delG
A26-ns,tlyA,653delT
A26-ns,tlyA,656delG
A26-ns,tlyA,657_661delCTGGC
A26-ns,tlyA,658delT
A26-ns,tlyA,660delG
A26-ns,tlyA,661dupC
A26-ns,tlyA,661_662insCTTG
A26-ns,tlyA,666_667dupCG
A26-ns,tlyA,667dupG
A26-ns,tlyA,675_678delCAAG
A26-ns,tlyA,677delA
A26-ns,tlyA,681dupC
A26-ns,tlyA,681delC
A26-ns,tlyA,686delC
A26-ns,tlyA,692dupC
A26-ns,tlyA,691_692dupCC
A26-ns,tlyA,692delC
A26-ns,tlyA,695dupG
A26-ns,tlyA,Gly232Asp
A26-ns,tlyA,698delC
A26-ns,tlyA,697_698dupCC
A26-ns,tlyA,698dupC
A26-ns,tlyA,704dupG
A26-ns,tlyA,707delA
A26-ns,tlyA,Asn236Lys
A26-ns,tlyA,711_715dupCGAGT
A26-ns,tlyA,Glu238Lys
A26-ns,tlyA,716delA
A26-ns,tlyA,724_725delTG
A26-ns,tlyA,728delT
A26-ns,tlyA,728dupT
A26-ns,tlyA,727_728delTT
A26-ns,tlyA,731_732dupGC
A26-ns,tlyA,730dupC
A26-ns,tlyA,735_744delGCAGACCGAC
A26-ns,tlyA,733delA
A26-ns,tlyA,737delA
A26-ns,tlyA,748delG
A26-ns,tlyA,753_754dupGT
A26-ns,tlyA,755dupC
A26-ns,tlyA,759delC
A26-ns,tlyA,764delG
A26-ns,tlyA,770_771dupAG
A26-ns,tlyA,774delT
-,tlyA,792delT
-,tlyA,797_798delAG
-,tlyA,797delA
-,tlyA,803delC
-,tlyA,803dupC
-,katG,1436_*8519del
-,katG,176_*6700del
-,katG,909_*6345del
-,katG,602_*4483del
-,katG,456_*3762del
-,katG,1569_*870del
-,katG,1974_*667del
-,katG,468_*456del
A1-sp,katG,2221delT
A1-sp,katG,2219_2220dupGC
A1-sp,katG,Asp735Ala
A1-sp,katG,Asp735Asn
A1-sp,katG,2200delC
A1-sp,katG,2189delA
A1-sp,katG,2185delG
A1-sp,katG,Trp728Cys
A1-sp,katG,Ala727Asp
A1-sp,katG,2168delA
A1-sp,katG,2165delA
A1-sp,katG,2163delG
A1-sp,katG,2156delA
A1-sp,katG,Gln717Pro
A1-sp,katG,2143dupG
A1-sp,katG,Ala713Pro
A1-sp,katG,2130_2131delCT
A1-sp,katG,2129delT
A1-sp,katG,Val710Ala
A1-sp,katG,2121delT
A1-sp,katG,2116delG
A1-sp,katG,2101_2104dupAACT
A1-sp,katG,2098dupT
A1-sp,katG,2098delT
A1-sp,katG,Ser700Pro
A1-sp,katG,2088_2092delGGTCT
A1-sp,katG,2089delG
A1-sp,katG,2086delC
A1-sp,katG,Asp695Ala
A1-sp,katG,2079_2083dupCGTGG
A1-sp,katG,Trp689*
A1-sp,katG,2065_2066dupTG
A1-sp,katG,2059dupG
A1-sp,katG,2054delG
A1-sp,katG,2046delT
A1-sp,katG,2044_2045insT
A1-sp,katG,2042delA
A1-sp,katG,2029_2036delACCTACCA
A1-sp,katG,2035delC
A1-sp,katG,2031delC
A1-sp,katG,2028delG
A1-sp,katG,2023_2024delGA
A1-sp,katG,2016delA
A1-sp,katG,Ser671*
A1-sp,katG,2010delC
A1-sp,katG,
A1-sp,katG,2002_2005delTGGG
A1-sp,katG,2005dupG
A1-sp,katG,Trp668*
A1-sp,katG,2002dupT
A1-sp,katG,2001delC
A1-sp,katG,1994delG
A1-sp,katG,1991delT
A1-sp,katG,1347_1989del
A1-sp,katG,1967_1976delACTTCTTCGT
A1-sp,katG,1973delT
A1-sp,katG,1953_1960dupGTCACTGA
A1-sp,katG,Leu653Pro
A1-sp,katG,1954delT
A1-sp,katG,1954_1955insG
A1-sp,katG,1949_1950insA
A1-sp,katG,1944_1948dupGGCCT
A1-sp,katG,1947delC
A1-sp,katG,1945dupG
A1-sp,katG,1942delG
A1-sp,katG,1939delA
A1-sp,katG,1921_1932delTTACCGCTGGGC
A1-sp,katG,1932delC
A1-sp,katG,1930_1931dupGG
A1-sp,katG,1931delG
A1-sp,katG,1923delA
A1-sp,katG,1919dupG
A1-sp,katG,
A1-sp,katG,Ala636Glu
A1-sp,katG,1900dupC
A1-sp,katG,Leu634Phe
A1-sp,katG,Arg632Cys
A1-sp,katG,1891delC
A1-sp,katG,1891dupC
A1-sp,katG,1889delG
A1-sp,katG,1888_1889insT
A1-sp,katG,1884delA
A1-sp,katG,1882delG
A1-sp,katG,
A1-sp,katG,1877delT
A1-sp,katG,1869_1870insC
A1-sp,katG,1865_1866dupCT
A1-sp,katG,1865delC
A1-sp,katG,1864_1865delCC
A1-sp,katG,1865dupC
A1-sp,katG,1861dupG
A1-sp,katG,1856_1857delTC
A1-sp,katG,1856dupT
A1-sp,katG,Leu619Pro
A1-sp,katG,Met609Ile
A1-sp,katG,Glu607Lys
A1-sp,katG,1809_1810delGT
A1-sp,katG,1804_1810delAACCCGT
A1-sp,katG,1805delA
A1-sp,katG,1803dupC
A1-sp,katG,1802dupG
A1-sp,katG,1799delA
A1-sp,katG,1798_1799insT
A1-sp,katG,1787delA
A1-sp,katG,1784_1785insC
A1-sp,katG,Gly593Asp
A1-sp,katG,1769delA
A1-sp,katG,1767delC
A1-sp,katG,Pro589Thr
A1-sp,katG,Glu588*
A1-sp,katG,Leu587Pro
A1-sp,katG,1757delT
A1-sp,katG,1755dupC
A1-sp,katG,1752delT
A1-sp,katG,1752dupT
A1-sp,katG,1749_1750insG
"A1-sp,A2-sp",katG,
"A1-sp,A2-sp",katG,1735delA
"A1-sp,A2-sp",katG,1729delG
"A1-sp,A2-sp",katG,
"A1-sp,A2-sp",katG,1721_1722dupCG
"A1-sp,A2-sp",katG,Ala574Val
"A1-sp,A2-sp",katG,Asp573Asn
"A1-sp,A2-sp",katG,1709delG
"A1-sp,A2-sp",katG,1709dupG
"A1-sp,A2-sp",katG,1706_1707insT
"A1-sp,A2-sp",katG,1706delC
"A1-sp,A2-sp",katG,1703delC
"A1-sp,A2-sp",katG,1700delT
"A1-sp,A2-sp",katG,Phe567Ser
"A1-sp,A2-sp",katG,1694dupT
"A1-sp,A2-sp",katG,
"A1-sp,A2-sp",katG,1689delC
"A1-sp,A2-sp",katG,1688delT
"A1-sp,A2-sp",katG,1682delA
A2-sp,katG,1676delC
A2-sp,katG,1670delA
A2-sp,katG,1662delA
A2-sp,katG,1655_1656delTA
A2-sp,katG,1651delG
A2-sp,katG,1650_1651insA
A2-sp,katG,1650dupC
A2-sp,katG,1650delC
A2-sp,katG,Ala550Asp
A2-sp,katG,1635delG
A2-sp,katG,1634delT
A2-sp,katG,1619dupT
A2-sp,katG,1617delC
A2-sp,katG,1614_1615dupGT
A2-sp,katG,1614delG
A2-sp,katG,1614dupG
A2-sp,katG,1611dupA
A2-sp,katG,1604dupA
A2-sp,katG,1604delA
A2-sp,katG,1602delG
A2-sp,katG,1598delC
A2-sp,katG,1595delC
A2-sp,katG,1592delC
A2-sp,katG,1582_1585dupTTCA
A2-sp,katG,Asn529Asp
A2-sp,katG,1572_1582delCCAGGAGTCAT
A2-sp,katG,1562_1575delTGGAAGAGATCCAG
A2-sp,katG,1574_1575insT
A2-sp,katG,Gln525Pro
A2-sp,katG,1571dupT
A2-sp,katG,1561delC
A2-sp,katG,1558delA
A2-sp,katG,1549_1552delGTCA
A2-sp,katG,1548_1549dupGG
A2-sp,katG,1547delA
A2-sp,katG,Arg515Cys
A2-sp,katG,1538_1540dupATC
A2-sp,katG,1538dupA
A2-sp,katG,1537delG
A2-sp,katG,1530delC
A2-sp,katG,1515_1516delGG
A2-sp,katG,Trp505*
A2-sp,katG,Trp505Ser
A2-sp,katG,Trp505Arg
A2-sp,katG,1512delG
A2-sp,katG,1509dupC
A2-sp,katG,Gln502His
A2-sp,katG,1500delG
A2-sp,katG,1487delG
A2-sp,katG,Arg496Leu
A2-sp,katG,1486dupC
A2-sp,katG,
A2-sp,katG,1481delG
A2-sp,katG,1138_1480del
A2-sp,katG,
A2-sp,katG,Gly491Cys
A2-sp,katG,1469delG
A2-sp,katG,1466delG
A2-sp,katG,Lys488Asn
A2-sp,katG,1443_1455delGTCGTTCCGTGGT
A2-sp,katG,1454delG
A2-sp,katG,Gly485Val
A2-sp,katG,1452delT
A2-sp,katG,Arg484Ser
A2-sp,katG,1438_1440delGCG
A2-sp,katG,1432delG
A2-sp,katG,Trp477*
A2-sp,katG,1426delG
A2-sp,katG,Val473Phe
A2-sp,katG,1416delA
A2-sp,katG,Gln471*
A2-sp,katG,1405_1406delGT
A2-sp,katG,
A2-sp,katG,1397delG
A2-sp,katG,Arg463Trp
A2-sp,katG,1383delG
A2-sp,katG,Gln461Pro
A2-sp,katG,1381dupC
A2-sp,katG,1381delC
A2-sp,katG,1378dupA
A2-sp,katG,1373_1377delTTAAG
A2-sp,katG,1376delA
A2-sp,katG,1374delT
A2-sp,katG,Ser457Ile
A2-sp,katG,1365delT
A2-sp,katG,1365_1366insC
A2-sp,katG,1365dupT
A2-sp,katG,1339_1350delCACGACCTCGTC
A2-sp,katG,1346delT
A2-sp,katG,Leu449Phe
A2-sp,katG,1338_1342dupCCACG
A2-sp,katG,1338_1339dupCC
A2-sp,katG,1339delC
A2-sp,katG,1334dupT
A2-sp,katG,1333dupG
A2-sp,katG,1310_1331delTGTGGCAGGATCCGGTCCCTGC
A2-sp,katG,1328_1329insA
A2-sp,katG,1328delC
A2-sp,katG,1328dupC
A2-sp,katG,1327_1328delCC
A2-sp,katG,
A2-sp,katG,1314_1318delGCAGG
A2-sp,katG,1318dupG
A2-sp,katG,1313_1314insT
A2-sp,katG,Trp438*
A2-sp,katG,1312_1313dupTG
A2-sp,katG,1307delT
A2-sp,katG,1306delC
A2-sp,katG,1306_1307insA
A2-sp,katG,Thr435Ile
A2-sp,katG,Gln434*
A2-sp,katG,1296delC
A2-sp,katG,1291delG
A2-sp,katG,1286_1288delCGC
A2-sp,katG,1284delG
A2-sp,katG,Pro429Ser
A2-sp,katG,Gly428Arg
A2-sp,katG,1264_1280delCCCGTTGCGAGATACCT
A2-sp,katG,Ala424Val
A2-sp,katG,Ala424Gly
A2-sp,katG,Ala424Glu
A2-sp,katG,1269delT
A2-sp,katG,1266delC
A2-sp,katG,
A2-sp,katG,1263dupT
A2-sp,katG,1259delT
A2-sp,katG,Met420Thr
A2-sp,katG,1202_1257delCCGAGGAATTGGCCGACGAGTTCGCCAAGGCCTGGTACAAGCTGATCCACCGAGAC
A2-sp,katG,Asp419His
A2-sp,katG,1252_1253delCG
A2-sp,katG,Arg418Leu
A2-sp,katG,Arg418Gln
A2-sp,katG,Arg418*
A2-sp,katG,1249delC
A2-sp,katG,1247dupT
A2-sp,katG,1179_1246delCACGCGTCGCTGGCTGGAACACCCCGAGGAATTGGCCGACGAGTTCGCCAAGGCCTGGTACAAGCTGA
A2-sp,katG,1245delG
A2-sp,katG,1245dupG
A2-sp,katG,Tyr413His
A2-sp,katG,1236delG
A2-sp,katG,Trp412*
A2-sp,katG,1233delC
A2-sp,katG,1231delG
A2-sp,katG,1229delA
A2-sp,katG,1221_1228dupGTTCGCCA
A2-sp,katG,1227dupC
A2-sp,katG,Ala409Asp
A2-sp,katG,1224dupC
A2-sp,katG,1218delC
A2-sp,katG,1209dupA
A2-sp,katG,1207delG
A2-sp,katG,976_1205del
A2-sp,katG,1203delC
A2-sp,katG,1203dupC
A2-sp,katG,1199dupA
A2-sp,katG,1195_1196dupGA
A2-sp,katG,Trp397*
A2-sp,katG,1189dupT
A2-sp,katG,Thr394Ala
A2-sp,katG,1179dupC
A2-sp,katG,1176_1177dupGA
A2-sp,katG,Ile393Asn
A2-sp,katG,1176dupG
A2-sp,katG,
A2-sp,katG,1163dupC
A2-sp,katG,1155_1156dupGG
A2-sp,katG,1156delG
A2-sp,katG,Leu384Arg
A2-sp,katG,1147_1148delTC
A2-sp,katG,1144dupC
A2-sp,katG,1142dupA
A2-sp,katG,1142delA
A2-sp,katG,1141dupG
A2-sp,katG,Asp381Gly
A2-sp,katG,Thr380Ile
A2-sp,katG,1137delC
A2-sp,katG,Ala379Val
A2-sp,katG,Leu378Pro
A2-sp,katG,1124delC
A2-sp,katG,1124dupC
A2-sp,katG,1102_1123delTTCGGCGGGCCAGGGCGCTCCC
A2-sp,katG,1120dupT
A2-sp,katG,1116delG
A2-sp,katG,1113delA
A2-sp,katG,1110delG
A2-sp,katG,1098_1108delCCCGTTCGGCG
A2-sp,katG,1100delC
A2-sp,katG,1100dupC
A2-sp,katG,Pro365Leu
A2-sp,katG,1086_1089dupCACC
A2-sp,katG,1087delA
A2-sp,katG,1083delC
A2-sp,katG,1082_1083dupCC
A2-sp,katG,Ala361Asp
A2-sp,katG,1081dupG
A2-sp,katG,1080_1081insA
A2-sp,katG,1080delT
A2-sp,katG,1078_1079delGG
A2-sp,katG,1077delC
A2-sp,katG,1073delG
A2-sp,katG,Asp357His
A2-sp,katG,1065delC
A2-sp,katG,1058_1060dupACA
A2-sp,katG,Gln352*
A2-sp,katG,1053delG
A2-sp,katG,Trp351*
A2-sp,katG,Ala350Ser
A2-sp,katG,Ala350Thr
A2-sp,katG,1046dupG
A2-sp,katG,1032delG
A2-sp,katG,1024dupG
A2-sp,katG,1024delG
A2-sp,katG,Trp341Ser
A2-sp,katG,1016delA
A2-sp,katG,1013delG
A2-sp,katG,Tyr337Cys
A2-sp,katG,Tyr337Phe
A2-sp,katG,1006delC
A2-sp,katG,Ile335Thr
A2-sp,katG,1002_1003dupGA
A2-sp,katG,Ile335Val
A2-sp,katG,1002dupG
A2-sp,katG,1000dupG
A2-sp,katG,995delT
A2-sp,katG,986delA
A2-sp,katG,985delG
A2-sp,katG,Trp328Cys
A2-sp,katG,Trp328Leu
A2-sp,katG,Trp328Ser
A2-sp,katG,978delG
A2-sp,katG,Thr326Met
A2-sp,katG,974delC
A2-sp,katG,973_974delCC
A2-sp,katG,Thr324Pro
A2-sp,katG,969dupC
A2-sp,katG,Trp321*
A2-sp,katG,Trp321Cys
A2-sp,katG,Trp321Leu
A2-sp,katG,Trp321Ser
A2-sp,katG,Trp321Arg
A2-sp,katG,
A2-sp,katG,956delT
A2-sp,katG,955_956dupGT
A2-sp,katG,955delG
A2-sp,katG,Ile317Leu
A2-sp,katG,Ile317Val
A2-sp,katG,Gly316Asp
A2-sp,katG,Gly316Ser
A2-sp,katG,945delC
A2-sp,katG,Ser315Thr
A2-sp,katG,Ser315Gly
A2-sp,katG,Ser315Arg
A2-sp,katG,Ser315Asn
A2-sp,katG,Ser315Ile
A2-sp,katG,943delA
A2-sp,katG,942delC
A2-sp,katG,Asp311Glu
A2-sp,katG,Asp311Gly
A2-sp,katG,Asp311Tyr
A2-sp,katG,929delA
A2-sp,katG,927delT
A2-sp,katG,926_927insA
A2-sp,katG,Gly309Asp
A2-sp,katG,Gly309Cys
A2-sp,katG,Gly309Ser
A2-sp,katG,Thr308Pro
A2-sp,katG,Gly307Glu
A2-sp,katG,Gly307Arg
A2-sp,katG,916delA
A2-sp,katG,914delG
A2-sp,katG,Gly305Ala
A2-sp,katG,Ser302Arg
A2-sp,katG,902delA
A2-sp,katG,Trp300*
A2-sp,katG,Trp300Gly
A2-sp,katG,897delC
A2-sp,katG,Gly299Ala
A2-sp,katG,Gly299Cys
A2-sp,katG,893delT
A2-sp,katG,890delG
A2-sp,katG,Gly297Val
A2-sp,katG,Gln295Pro
A2-sp,katG,883dupC
A2-sp,katG,882delG
A2-sp,katG,867_873dupGGCTGCT
A2-sp,katG,Glu289Asp
A2-sp,katG,861_866delACCCGA
A2-sp,katG,864dupC
A2-sp,katG,859delG
A2-sp,katG,858delC
A2-sp,katG,Gly285Asp
A2-sp,katG,848_849delTG
A2-sp,katG,Ala281Val
A2-sp,katG,839delC
A2-sp,katG,Gly279Asp
A2-sp,katG,831_835dupCGCCG
"A2-sp,A3-sp",katG,834delC
"A2-sp,A3-sp",katG,831dupC
"A2-sp,A3-sp",katG,826delC
"A2-sp,A3-sp",katG,826_827insT
"A2-sp,A3-sp",katG,Thr275Ala
"A2-sp,A3-sp",katG,Thr275Pro
"A2-sp,A3-sp",katG,Thr275Ser
"A2-sp,A3-sp",katG,821delA
"A2-sp,A3-sp",katG,819delT
"A2-sp,A3-sp",katG,
A3-sp,katG,815dupT
A3-sp,katG,811_812delAC
A3-sp,katG,
A3-sp,katG,794delT
A3-sp,katG,Ala264Thr
A3-sp,katG,784delA
A3-sp,katG,Glu261Lys
A3-sp,katG,780delC
A3-sp,katG,Asp259Glu
A3-sp,katG,776delA
A3-sp,katG,775_776delGA
A3-sp,katG,Asn258Ser
A3-sp,katG,771delG
A3-sp,katG,Met257Ile
A3-sp,katG,770delT
A3-sp,katG,Met257Thr
A3-sp,katG,766delG
A3-sp,katG,761_762insTCGTT
A3-sp,katG,756delT
A3-sp,katG,Phe252Leu
A3-sp,katG,Thr251Met
A3-sp,katG,Arg249Cys
A3-sp,katG,729delC
A3-sp,katG,Ala243Ser
A3-sp,katG,720_724dupCCCCA
A3-sp,katG,723delC
A3-sp,katG,719delA
A3-sp,katG,Asn238Lys
A3-sp,katG,713delA
A3-sp,katG,
A3-sp,katG,581_707del
A3-sp,katG,Asn236Thr
A3-sp,katG,704dupC
A3-sp,katG,702dupG
A3-sp,katG,702delG
A3-sp,katG,Gly234Glu
A3-sp,katG,Gly234Arg
A3-sp,katG,398_698del
A3-sp,katG,695_696insT
A3-sp,katG,690delG
A3-sp,katG,Val230Ala
A3-sp,katG,684_685dupCT
A3-sp,katG,678_679dupGC
A3-sp,katG,678delG
A3-sp,katG,Asn218Lys
A3-sp,katG,653dupA
A3-sp,katG,649delG
A3-sp,katG,643delG
A3-sp,katG,640delC
A3-sp,katG,633dupC
A3-sp,katG,633_634insT
A3-sp,katG,629delA
A3-sp,katG,628delT
A3-sp,katG,621delT
A3-sp,katG,618delC
A3-sp,katG,612delG
A3-sp,katG,Trp204*
A3-sp,katG,607_608dupAC
A3-sp,katG,601_602dupGA
A3-sp,katG,597dupC
A3-sp,katG,578_597delCCGATGAGGTCTATTGGGGC
A3-sp,katG,596dupG
A3-sp,katG,596delG
A3-sp,katG,Trp198*
A3-sp,katG,592dupT
A3-sp,katG,588dupC
A3-sp,katG,585_586dupGG
A3-sp,katG,Glu195Lys
A3-sp,katG,580delG
A3-sp,katG,579delC
A3-sp,katG,
A3-sp,katG,574dupG
A3-sp,katG,Trp191Arg
A3-sp,katG,565delG
A3-sp,katG,Gly186Val
A3-sp,katG,554delT
A3-sp,katG,531_540delCTTCAAGACG
A3-sp,katG,Thr180Lys
A3-sp,katG,536delA
A3-sp,katG,524_536delCGATGGGCTTCAA
A3-sp,katG,530delG
A3-sp,katG,527_530delTGGG
A3-sp,katG,517_529delCTGGAATCGATGG
A3-sp,katG,Met176Ile
A3-sp,katG,Ser175*
A3-sp,katG,522_523insAGTC
A3-sp,katG,Ala172Val
A3-sp,katG,Ala172Thr
A3-sp,katG,512delG
A3-sp,katG,497_501delTTTTC
A3-sp,katG,500dupT
A3-sp,katG,500delT
A3-sp,katG,495dupT
A3-sp,katG,485dupC
A3-sp,katG,485delC
A3-sp,katG,484dupG
A3-sp,katG,484delG
A3-sp,katG,Ala162Thr
A3-sp,katG,Trp161*
A3-sp,katG,478_479dupTC
A3-sp,katG,Ser160Leu
A3-sp,katG,476delT
A3-sp,katG,464_473delACGGCAAGAA
A3-sp,katG,470delA
A3-sp,katG,Tyr155*
A3-sp,katG,Tyr155Ser
A3-sp,katG,Tyr155Cys
A3-sp,katG,461delA
A3-sp,katG,451delG
A3-sp,katG,446_447dupGG
A3-sp,katG,Trp149*
A3-sp,katG,428delA
A3-sp,katG,Lys143Thr
A3-sp,katG,Asp142Ala
A3-sp,katG,424delG
A3-sp,katG,422delT
A3-sp,katG,Leu141Phe
A3-sp,katG,421_422insGT
A3-sp,katG,Ser140Asn
A3-sp,katG,Ser140Gly
A3-sp,katG,416_417insG
A3-sp,katG,415_416insT
A3-sp,katG,Ala139Pro
A3-sp,katG,Asn138Ser
A3-sp,katG,Asn138His
A3-sp,katG,Asn138Asp
A3-sp,katG,411delC
A3-sp,katG,408delC
A3-sp,katG,403delT
A3-sp,katG,392_402delCGCTTAACAGC
A3-sp,katG,396delT
A3-sp,katG,390_391delGC
A3-sp,katG,384_388delGTTCG
A3-sp,katG,
A3-sp,katG,382dupC
A3-sp,katG,375_382dupCATGCAGC
A3-sp,katG,Arg128Pro
A3-sp,katG,377_380dupTGCA
A3-sp,katG,Gln127Pro
A3-sp,katG,Gln127*
A3-sp,katG,378delG
A3-sp,katG,376_377delAT
A3-sp,katG,Met126Ile
A3-sp,katG,373_376delGGCA
A3-sp,katG,372_375delCGGC
A3-sp,katG,372_373dupCG
A3-sp,katG,372_373delCG
A3-sp,katG,Gly125Cys
A3-sp,katG,372delC
A3-sp,katG,372_373insAG
A3-sp,katG,371delG
A3-sp,katG,371dupG
A3-sp,katG,369_371delGGG
A3-sp,katG,369_370insCA
A3-sp,katG,366_367delCG
A3-sp,katG,367delG
A3-sp,katG,362_364delGCG
A3-sp,katG,Gly121Val
A3-sp,katG,Gly121Cys
A3-sp,katG,349dupG
A3-sp,katG,344_347delTCCA
A3-sp,katG,344delT
A3-sp,katG,337_340dupTACC
A3-sp,katG,337delT
A3-sp,katG,336dupC
A3-sp,katG,332delG
A3-sp,katG,Ala110Val
A3-sp,katG,Ala109Val
A3-sp,katG,325delG
A3-sp,katG,His108Gln
A3-sp,katG,321delG
A3-sp,katG,His108Asp
A3-sp,katG,Trp107*
A3-sp,katG,
A3-sp,katG,Trp107Arg
A3-sp,katG,Ala106Val
A3-sp,katG,313_316dupATGG
A3-sp,katG,316delG
A3-sp,katG,316dupG
A3-sp,katG,Arg104Leu
A3-sp,katG,Arg104Gln
A3-sp,katG,310dupC
A3-sp,katG,306delT
A3-sp,katG,300_301delGC
A3-sp,katG,300_301insGC
A3-sp,katG,296_297delGG
A3-sp,katG,297delG
A3-sp,katG,296_297insTG
A3-sp,katG,Gly99Glu
A3-sp,katG,285_292delCGGCCACT
A3-sp,katG,289delC
A3-sp,katG,Gly96Cys
A3-sp,katG,281_285delACTAC
A3-sp,katG,Asp94Gly
A3-sp,katG,Asp94Ala
A3-sp,katG,275_276dupCC
A3-sp,katG,275_276insGTAGT
A3-sp,katG,273delG
A3-sp,katG,Trp91Arg
A3-sp,katG,Trp90*
A3-sp,katG,268dupT
A3-sp,katG,267_268insT
A3-sp,katG,Gln88Arg
A3-sp,katG,Gln88*
A3-sp,katG,238_260delATCGAGGAAGTGATGACCACCTC
A3-sp,katG,254_258delCCACC
A3-sp,katG,Thr85Pro
A3-sp,katG,252dupG
A3-sp,katG,Met84Ile
A3-sp,katG,248_249dupTG
A3-sp,katG,235delG
A3-sp,katG,Asp74Gly
A3-sp,katG,Asp74Tyr
A3-sp,katG,Asp72Gly
A3-sp,katG,
A3-sp,katG,200_202delAGG
A3-sp,katG,Ala65Thr
A3-sp,katG,Asp63Glu
A3-sp,katG,180_181delGG
A3-sp,katG,Ala61Thr
A3-sp,katG,177delT
A3-sp,katG,167dupA
A3-sp,katG,152delA
A3-sp,katG,151_152insCAA
A3-sp,katG,146_147dupAC
A3-sp,katG,146dupA
A3-sp,katG,
A3-sp,katG,143dupT
A3-sp,katG,Leu48Gln
A3-sp,katG,142delC
A3-sp,katG,135_136insT
A3-sp,katG,133_134delCT
A3-sp,katG,126delG
A3-sp,katG,98_126delGCGGAAACCAGGACTGGTGGCCCAACCGG
A3-sp,katG,122dupA
A3-sp,katG,120delC
A3-sp,katG,114_117delGTGG
A3-sp,katG,
A3-sp,katG,114delG
A3-sp,katG,Trp38*
A3-sp,katG,Gln36*
A3-sp,katG,104delA
A3-sp,katG,Asn35Asp
A3-sp,katG,89_98dupTCGAGGGCGG
A3-sp,katG,96dupC
A3-sp,katG,95delG
A3-sp,katG,92delA
A3-sp,katG,88dupG
A3-sp,katG,86_88delCCG
A3-sp,katG,87dupC
A3-sp,katG,87delC
A3-sp,katG,Tyr28*
A3-sp,katG,
A3-sp,katG,78delG
A3-sp,katG,76delA
A3-sp,katG,69_73dupGGGTC
A3-sp,katG,70_71dupGG
A3-sp,katG,67_71delGTGGG
A3-sp,katG,66dupC
A3-sp,katG,52_65delAACGGCTGTCCCGT
A3-sp,katG,64delG
A3-sp,katG,59_60dupGT
A3-sp,katG,59dupG
A3-sp,katG,58delT
A3-sp,katG,57_58dupCT
A3-sp,katG,56delG
A3-sp,katG,Gly19Asp
A3-sp,katG,54delC
A3-sp,katG,53delA
A3-sp,katG,Ser17Asn
A3-sp,katG,48delT
A3-sp,katG,
A3-sp,katG,47delC
A3-sp,katG,45_46insA
A3-sp,katG,
A3-sp,katG,41dupG
A3-sp,katG,41delG
A3-sp,katG,36delC
A3-sp,katG,28_35delGAAACCAC
A3-sp,katG,28_34delGAAACCA
A3-sp,katG,31delA
A3-sp,katG,Thr11Ala
A3-sp,katG,28_29dupGA
A3-sp,katG,28dupG
A3-sp,katG,27delA
A3-sp,katG,27dupA
A3-sp,katG,27_28insT
A3-sp,katG,26dupC
A3-sp,katG,24dupT
A3-sp,katG,22dupA
A3-sp,katG,22delA
A3-sp,katG,15_21dupCCCACCC
A3-sp,katG,18delA
A3-sp,katG,18dupA
A3-sp,katG,17delC
A3-sp,katG,9_16delGCAACACC
A3-sp,katG,12_15delACAC
A3-sp,katG,8_9dupAG
A3-sp,katG,7delG
A3-sp,katG,6_7delCG
A3-sp,katG,2_6dupTGCCC
A3-sp,katG,6delC
A3-sp,katG,Pro2Ser
A3-sp,katG,Val1Ala
A3-sp,katG,Val1Leu
A3-sp,katG,
A3-sp,katG,
A3-sp,katG,
-,pncA,255_*28375del
-,pncA,516_*23049del
-,pncA,123_*19941del
-,pncA,191_*14546del
-,pncA,459_*12384del
-,pncA,531_*12384del
-,pncA,381_*11327del
-,pncA,188_*10318del
-,pncA,192_*9645del
-,pncA,288_*8450del
-,pncA,186_*8338del
-,pncA,126_*7444del
-,pncA,99_*5904del
-,pncA,98_*5903del
-,pncA,98_*5902del
-,pncA,195_*4836del
-,pncA,207_*4303del
-,pncA,224_*3806del
-,pncA,473_*3769del
-,pncA,17_*3513del
-,pncA,135_*3466del
-,pncA,359_*3326del
-,pncA,189_*3171del
-,pncA,426_*2909del
-,pncA,216_*2863del
-,pncA,216_*2859del
-,pncA,189_*2162del
-,pncA,3_*1960del
-,pncA,464_*1508del
-,pncA,303_*1441del
-,pncA,414_*1278del
-,pncA,309_*1123del
-,pncA,291_*1069del
-,pncA,500_*1012del
-,pncA,254_*905del
-,pncA,503_*833del
-,pncA,189_*808del
-,pncA,14_*617del
-,pncA,186_*533del
-,pncA,206_*503del
-,pncA,48_*466del
-,pncA,179_*324del
-,pncA,282_*290del
-,pncA,500_*209del
-,pncA,158_*201del
-,pncA,267_*198del
A2-ns,pncA,510_*135del
A2-ns,pncA,377_*115del
A2-ns,pncA,90_*77del
A2-ns,pncA,524_*30delTGCGCACCGCCAGCGTCGAGTTGGTTTGCAGCTCCTGATGGCACCGCCGAACCGGGATGAACTGTTGG
A2-ns,pncA,495_*21delNNNNNNNNNNNNNNNNNNNNNNNNNNNNNNNNNNNNNNNNNNNNNNNNNNNNNNNNNNNNNNNNNNNNNNNNNNNNNNNNNNNNNNNA
A2-ns,pncA,539_*18delTCGAGTTGGTTTGCAGCTCCTGATGGCACCGCCGAACCGGG
A2-ns,pncA,513_*4delGCTGGAGGAGATGCGCACCGCCAGCGTCGAGTTGGTTTGCAGCTCCTGATGGC
A2-ns,pncA,512_*4delNNNNNNNNNNNNNNNNNNNNNNNNNNNNNNNNNNNNNNNNNNNNNNNNNNNNNA
A2-ns,pncA,455_*4del
A2-ns,pncA,560dupG
A2-ns,pncA,396_559del
A2-ns,pncA,559_560insA
A2-ns,pncA,Ser185Thr
A2-ns,pncA,Ser185Ile
A2-ns,pncA,550dupT
A2-ns,pncA,496_550delNNNNNNNNNNNNNNNNNNNNNNNNNNNNNNNNNNNNNNNNNNNNNNNNNNNNNNG
A2-ns,pncA,
A2-ns,pncA,550delT
A2-ns,pncA,
A2-ns,pncA,547dupG
A2-ns,pncA,547_548insC
A2-ns,pncA,Leu182Trp
A2-ns,pncA,477_544delNNNNNNNNNNNNNNNNNNNNNNNNNNNNNNNNNNNNNNNNNNNNNNNNNNNNNNNNNNNNNNNNNNNT
A2-ns,pncA,Leu182Ser
A2-ns,pncA,478_544delACAGCGGGTGTGTCGGCCGATACCACCGTCGCCGCGCTGGAGGAGATGCGCACCGCCAGCGTCGAGT
A2-ns,pncA,542delA
A2-ns,pncA,Glu181Asp
A2-ns,pncA,Glu181*
A2-ns,pncA,540dupC
A2-ns,pncA,539dupT
A2-ns,pncA,Val180Gly
A2-ns,pncA,Val180Ala
A2-ns,pncA,Val180Phe
A2-ns,pncA,535dupA
A2-ns,pncA,531_534delCGCC
A2-ns,pncA,Ser179Arg
A2-ns,pncA,532_533dupGC
A2-ns,pncA,532dupG
A2-ns,pncA,532delG
A2-ns,pncA,505_532delNNNNNNNNNNNNNNNNNNNNNNNNNNNC
A2-ns,pncA,530_531delCC
A2-ns,pncA,
A2-ns,pncA,529dupA
A2-ns,pncA,Thr177Pro
A2-ns,pncA,527_528dupGC
A2-ns,pncA,528delC
A2-ns,pncA,525_528dupGCGC
A2-ns,pncA,527dupG
A2-ns,pncA,524_525dupTG
A2-ns,pncA,525dupG
A2-ns,pncA,Met175Ile
A2-ns,pncA,524delT
A2-ns,pncA,519_523dupGGAGA
A2-ns,pncA,Met175Thr
A2-ns,pncA,Met175Arg
A2-ns,pncA,522_523delGA
A2-ns,pncA,523dupA
A2-ns,pncA,Met175Lys
A2-ns,pncA,523delA
A2-ns,pncA,Met175Val
A2-ns,pncA,521delA
A2-ns,pncA,521_522insT
A2-ns,pncA,519_520dupGG
A2-ns,pncA,520dupG
A2-ns,pncA,Glu174Gly
A2-ns,pncA,520_521insT
A2-ns,pncA,519_520insT
A2-ns,pncA,518_519delAG
A2-ns,pncA,518dupA
A2-ns,pncA,517dupG
A2-ns,pncA,513_517delGCTGG
A2-ns,pncA,82_517del
A2-ns,pncA,515delT
A2-ns,pncA,500_515delCCACCGTCGCCGCGCT
A2-ns,pncA,Leu172Pro
A2-ns,pncA,Leu172Arg
A2-ns,pncA,513_514delGC
A2-ns,pncA,513_514dupGC
A2-ns,pncA,478_513delACAGCGGGTGTGTCGGCCGATACCACCGTCGCCGCG
A2-ns,pncA,477_513delNNNNNNNNNNNNNNNNNNNNNNNNNNNNNNNNNNNNC
A2-ns,pncA,512delC
A2-ns,pncA,Ala171Val
A2-ns,pncA,Ala171Glu
A2-ns,pncA,
A2-ns,pncA,Ala171Thr
A2-ns,pncA,Ala171Pro
A2-ns,pncA,505dupG
A2-ns,pncA,504delC
A2-ns,pncA,Thr168Asn
A2-ns,pncA,Thr168Pro
A2-ns,pncA,501dupC
A2-ns,pncA,501delC
A2-ns,pncA,497_500delATAC
A2-ns,pncA,468_499delGGTGGACCTGACAGCGGGTGTGTCGGCCGATA
A2-ns,pncA,497dupA
A2-ns,pncA,496dupG
A2-ns,pncA,493_496dupGCCG
A2-ns,pncA,496delG
A2-ns,pncA,495_496insAA
A2-ns,pncA,495delC
A2-ns,pncA,494_495dupCC
A2-ns,pncA,495dupC
A2-ns,pncA,492_494delGGC
A2-ns,pncA,493dupG
A2-ns,pncA,420_492delNNNNNNNNNNNNNNNNNNNNNNNNNNNNNNNNNNNNNNNNNNNNNNNNNNNNNNNNNNNNNNNNNNNNNNNNG
A2-ns,pncA,Ala165Thr
A2-ns,pncA,491_492insA
A2-ns,pncA,Ser164Pro
A2-ns,pncA,Ser164*
A2-ns,pncA,489_490delGT
A2-ns,pncA,490delT
A2-ns,pncA,490dupT
A2-ns,pncA,488delT
A2-ns,pncA,487delG
A2-ns,pncA,486dupT
A2-ns,pncA,486_487insA
A2-ns,pncA,485dupG
A2-ns,pncA,485delG
A2-ns,pncA,484_485dupGG
A2-ns,pncA,Gly162Asp
A2-ns,pncA,474_483dupCCTGACAGCG
A2-ns,pncA,482_483delCG
A2-ns,pncA,482_483dupCG
A2-ns,pncA,480_483dupAGCG
A2-ns,pncA,483_484insT
A2-ns,pncA,481delG
A2-ns,pncA,212_480del
A2-ns,pncA,Ala161Pro
A2-ns,pncA,480delA
A2-ns,pncA,480_481insT
A2-ns,pncA,479delC
A2-ns,pncA,Thr160Arg
A2-ns,pncA,Thr160Ala
A2-ns,pncA,Thr160Pro
A2-ns,pncA,475_476dupCT
A2-ns,pncA,476delT
A2-ns,pncA,Leu159Pro
A2-ns,pncA,Leu159Arg
A2-ns,pncA,475delC
A2-ns,pncA,475dupC
A2-ns,pncA,474_475dupCC
A2-ns,pncA,Leu159Val
A2-ns,pncA,462_474delGGTGCTGGTGGAC
A2-ns,pncA,473_474dupAC
A2-ns,pncA,473delA
A2-ns,pncA,472delG
A2-ns,pncA,472dupG
A2-ns,pncA,470_471insA
A2-ns,pncA,470delT
A2-ns,pncA,470dupT
A2-ns,pncA,469delG
A2-ns,pncA,404_467delNNNNNNNNNNNNNNNNNNNNNNNNNNNNNNNNNNNNNNNNNNNNNNNNNNNNNNNNNNNNNNNG
A2-ns,pncA,459_466delCAGGGTGC
A2-ns,pncA,Leu156Pro
A2-ns,pncA,456_466delCACCAGGGTGC
A2-ns,pncA,462_466dupGGTGC
A2-ns,pncA,460_466delAGGGTGC
A2-ns,pncA,463_465dupGTG
A2-ns,pncA,407_465delATCATTGTGTGCGCCAGACGGCCGAGGACGCGGTACGCAATGGCTTGGCCACCAGGGTG
A2-ns,pncA,464_465dupTG
A2-ns,pncA,452_464delTGGCCACCAGGGT
A2-ns,pncA,464delT
A2-ns,pncA,464dupT
A2-ns,pncA,451_464delTTGGCCACCAGGGT
A2-ns,pncA,Val155Gly
A2-ns,pncA,Val155Ala
A2-ns,pncA,454_463delGCCACCAGGG
A2-ns,pncA,450_463delCTTGGCCACCAGGG
A2-ns,pncA,142_463del
A2-ns,pncA,462_463dupGG
A2-ns,pncA,
A2-ns,pncA,463delG
A2-ns,pncA,459_462dupCAGG
A2-ns,pncA,Val155Met
A2-ns,pncA,Val155Leu
A2-ns,pncA,Arg154Met
A2-ns,pncA,460dupA
A2-ns,pncA,Arg154Gly
A2-ns,pncA,459delC
A2-ns,pncA,Thr153Asn
A2-ns,pncA,457delA
A2-ns,pncA,457dupA
A2-ns,pncA,456dupC
A2-ns,pncA,456delC
A2-ns,pncA,455_456dupCC
A2-ns,pncA,446_455dupATGGCTTGGC
A2-ns,pncA,454_455insT
A2-ns,pncA,454delG
A2-ns,pncA,446_453delATGGCTTG
A2-ns,pncA,453_454insT
A2-ns,pncA,452delT
A2-ns,pncA,452dupT
A2-ns,pncA,451_452delTT
A2-ns,pncA,Leu151Ser
A2-ns,pncA,450_451dupCT
A2-ns,pncA,450dupC
A2-ns,pncA,438_450delGGTACGCAATGGC
A2-ns,pncA,449dupG
A2-ns,pncA,440_449delTACGCAATGG
A2-ns,pncA,448_449insA
A2-ns,pncA,447_448dupTG
A2-ns,pncA,447delT
A2-ns,pncA,446_447dupAT
A2-ns,pncA,447dupT
A2-ns,pncA,434_447delACGCGGTACGCAAT
A2-ns,pncA,446dupA
A2-ns,pncA,446delA
A2-ns,pncA,442_445dupCGCA
A2-ns,pncA,420_445delCCAGACGGCCGAGGACGCGGTACGCA
A2-ns,pncA,444_445dupCA
A2-ns,pncA,443_444dupGC
A2-ns,pncA,
A2-ns,pncA,Arg148Ser
A2-ns,pncA,358_440delNNNNNNNNNNNNNNNNNNNNNNNNNNNNNNNNNNNNNNNNNNNNNNNNNNNNNNNNNNNNNNNNNNNNNNNNNNNNNNNNNNA
A2-ns,pncA,440delT
A2-ns,pncA,439dupG
A2-ns,pncA,437_438dupCG
A2-ns,pncA,437_438delCG
A2-ns,pncA,Ala146Val
A2-ns,pncA,Ala146Glu
A2-ns,pncA,Ala146Thr
A2-ns,pncA,Asp145Glu
A2-ns,pncA,433delG
A2-ns,pncA,
A2-ns,pncA,
A2-ns,pncA,430dupG
A2-ns,pncA,429delC
A2-ns,pncA,427dupG
A2-ns,pncA,Ala143Gly
A2-ns,pncA,424_427delACGG
A2-ns,pncA,Ala143Asp
A2-ns,pncA,Ala143Thr
A2-ns,pncA,Ala143Pro
A2-ns,pncA,Thr142Met
A2-ns,pncA,Thr142Lys
A2-ns,pncA,423_424dupGA
A2-ns,pncA,417_424dupGCGCCAGA
A2-ns,pncA,Thr142Arg
A2-ns,pncA,423_424delGA
A2-ns,pncA,Thr142Ala
A2-ns,pncA,Thr142Pro
A2-ns,pncA,419_423delGCCAG
A2-ns,pncA,392_423delTCGGTATTGCCACCGATCATTGTGTGCGCCAG
A2-ns,pncA,422delA
A2-ns,pncA,Gln141Pro
A2-ns,pncA,421delC
A2-ns,pncA,421_422insT
A2-ns,pncA,419_420dupGC
A2-ns,pncA,Gln141*
A2-ns,pncA,419_420delGC
A2-ns,pncA,416_419dupTGCG
A2-ns,pncA,419delG
A2-ns,pncA,Arg140Pro
A2-ns,pncA,418dupC
A2-ns,pncA,411_418dupTTGTGTGC
A2-ns,pncA,Arg140His
A2-ns,pncA,Arg140Ser
A2-ns,pncA,417dupG
A2-ns,pncA,416_417dupTG
A2-ns,pncA,Arg140Gly
A2-ns,pncA,407_417delATCATTGTGTG
A2-ns,pncA,414_417delTGTG
A2-ns,pncA,
A2-ns,pncA,403_416delACCGATCATTGTGT
A2-ns,pncA,416delT
A2-ns,pncA,Val139Ala
A2-ns,pncA,Val139Gly
A2-ns,pncA,415dupG
A2-ns,pncA,Val139Met
A2-ns,pncA,Val139Leu
A2-ns,pncA,401_413dupCCACCGATCATTG
A2-ns,pncA,Cys138Tyr
A2-ns,pncA,412dupT
A2-ns,pncA,412delT
A2-ns,pncA,397_412dupATTGCCACCGATCATT
A2-ns,pncA,Cys138Ser
A2-ns,pncA,409_412dupCATT
A2-ns,pncA,393_412dupCGGTATTGCCACCGATCATT
A2-ns,pncA,Cys138Arg
A2-ns,pncA,410delA
A2-ns,pncA,His137Arg
A2-ns,pncA,His137Pro
A2-ns,pncA,406_409dupGATC
A2-ns,pncA,409_410insT
A2-ns,pncA,408dupT
A2-ns,pncA,407dupA
A2-ns,pncA,407_408insG
A2-ns,pncA,404_407delCCGA
A2-ns,pncA,407_408insC
A2-ns,pncA,Asp136Gly
A2-ns,pncA,406delG
A2-ns,pncA,Asp136Tyr
A2-ns,pncA,402_405dupCACC
A2-ns,pncA,Asp136Asn
A2-ns,pncA,405delC
A2-ns,pncA,Asp136His
A2-ns,pncA,394_404delGGTATTGCCAC
A2-ns,pncA,Thr135Asn
A2-ns,pncA,Thr135Pro
A2-ns,pncA,401_402dupCC
A2-ns,pncA,402dupC
A2-ns,pncA,Ala134Val
A2-ns,pncA,400delG
A2-ns,pncA,399_400dupTG
A2-ns,pncA,399dupT
A2-ns,pncA,399delT
A2-ns,pncA,Ala134Ser
A2-ns,pncA,397_398dupAT
A2-ns,pncA,Ile133Thr
A2-ns,pncA,Ile133Asn
A2-ns,pncA,397dupA
A2-ns,pncA,393_396dupCGGT
A2-ns,pncA,395delG
A2-ns,pncA,
A2-ns,pncA,395dupG
A2-ns,pncA,Gly132Ala
A2-ns,pncA,Gly132Asp
A2-ns,pncA,386_394delATGTGGTCG
A2-ns,pncA,Val130Glu
A2-ns,pncA,394_395insC
A2-ns,pncA,393_394delCG
A2-ns,pncA,Gly132Val
A2-ns,pncA,393_394dupCG
A2-ns,pncA,Gly132Ser
A2-ns,pncA,393delC
A2-ns,pncA,393dupC
A2-ns,pncA,393_394insT
A2-ns,pncA,393_394insA
A2-ns,pncA,387_393dupTGTGGTC
A2-ns,pncA,390_391dupGG
A2-ns,pncA,394delG
A2-ns,pncA,391_392dupGT
A2-ns,pncA,392delT
A2-ns,pncA,391_392insA
A2-ns,pncA,391dupG
A2-ns,pncA,Val131Gly
A2-ns,pncA,391delG
A2-ns,pncA,Val131Phe
A2-ns,pncA,389_390delTG
A2-ns,pncA,377_390delATGAGGTCGATGTG
A2-ns,pncA,375_389delCGATGAGGTCGATGT
A2-ns,pncA,389_390insA
A2-ns,pncA,389delT
A2-ns,pncA,374_389delTCGATGAGGTCGATGT
A2-ns,pncA,383_389delTCGATGT
A2-ns,pncA,386_389delATGT
A2-ns,pncA,377_389delATGAGGTCGATGT
A2-ns,pncA,380_388delAGGTCGATG
A2-ns,pncA,Val130Ala
A2-ns,pncA,386_388delATG
A2-ns,pncA,388delG
A2-ns,pncA,Val130Gly
A2-ns,pncA,387delT
A2-ns,pncA,98_386del
A2-ns,pncA,386delA
A2-ns,pncA,384_385dupCG
A2-ns,pncA,385delG
A2-ns,pncA,383_384dupTC
A2-ns,pncA,383delT
A2-ns,pncA,382_383dupGT
A2-ns,pncA,Val128Gly
A2-ns,pncA,382dupG
A2-ns,pncA,381_382dupGG
A2-ns,pncA,380_381dupAG
A2-ns,pncA,376_377dupGA
A2-ns,pncA,375delC
A2-ns,pncA,374delT
A2-ns,pncA,Val125Gly
A2-ns,pncA,Val125Asp
A2-ns,pncA,Val125Phe
A2-ns,pncA,370_371insA
A2-ns,pncA,359_369delTGCGGCAACGC
A2-ns,pncA,369delC
A2-ns,pncA,Arg123Pro
A2-ns,pncA,366dupA
A2-ns,pncA,281_365delNNNNNNNNNNNNNNNNNNNNNNNNNNNNNNNNNNNNNNNNNNNNNNNNNNNNNNNNNNNNNNNNNNNNNNNNNNNNNNNNNNNNA
A2-ns,pncA,364delC
A2-ns,pncA,Gln122*
A2-ns,pncA,363delG
A2-ns,pncA,361_362delCG
A2-ns,pncA,Arg121Pro
A2-ns,pncA,
A2-ns,pncA,Leu120Pro
A2-ns,pncA,Leu120Gln
A2-ns,pncA,Leu120Arg
A2-ns,pncA,357_358insAG
A2-ns,pncA,Trp119Cys
A2-ns,pncA,Trp119*
A2-ns,pncA,Trp119Ser
A2-ns,pncA,355dupT
A2-ns,pncA,355delT
A2-ns,pncA,Trp119Arg
A2-ns,pncA,Trp119Gly
A2-ns,pncA,353_354dupAT
A2-ns,pncA,348_352delGCTGA
A2-ns,pncA,350_351insC
A2-ns,pncA,349dupC
A2-ns,pncA,349_350insA
A2-ns,pncA,
A2-ns,pncA,Leu116Pro
A2-ns,pncA,Leu116Arg
A2-ns,pncA,340_346dupACGCCAC
A2-ns,pncA,346dupC
A2-ns,pncA,345delA
A2-ns,pncA,Leu116Val
A2-ns,pncA,344delC
A2-ns,pncA,342delG
A2-ns,pncA,182_341del
A2-ns,pncA,
A2-ns,pncA,341delC
A2-ns,pncA,340_341delAC
A2-ns,pncA,340delA
A2-ns,pncA,339dupC
A2-ns,pncA,Thr114Pro
A2-ns,pncA,Thr114Ala
A2-ns,pncA,329_338delACGAGAACGG
A2-ns,pncA,256_337delNNNNNNNNNNNNNNNNNNNNNNNNNNNNNNNNNNNNNNNNNNNNNNNNNNNNNNNNNNNNNNNNNNNNNNNNNNNNNNNNNG
A2-ns,pncA,335delA
A2-ns,pncA,335dupA
A2-ns,pncA,333dupG
A2-ns,pncA,326_333delTCGACGAG
A2-ns,pncA,332delA
A2-ns,pncA,328dupG
A2-ns,pncA,328delG
A2-ns,pncA,321_324delAGGA
A2-ns,pncA,312_323delCGGCTTCGAAGG
A2-ns,pncA,Gly108Glu
A2-ns,pncA,
A2-ns,pncA,Gly108Arg
A2-ns,pncA,321delA
A2-ns,pncA,316_319dupTTCG
A2-ns,pncA,Glu107*
A2-ns,pncA,317delT
A2-ns,pncA,Phe106Ser
A2-ns,pncA,306_315delGTACAGCGGC
A2-ns,pncA,314dupG
A2-ns,pncA,303_314delAGCGTACAGCGG
A2-ns,pncA,314delG
A2-ns,pncA,
A2-ns,pncA,313_314dupGG
A2-ns,pncA,Gly105Val
A2-ns,pncA,Gly105Asp
A2-ns,pncA,Gly105Arg
A2-ns,pncA,312dupC
A2-ns,pncA,Ser104Arg
A2-ns,pncA,311delG
A2-ns,pncA,Ser104Ile
A2-ns,pncA,310dupA
A2-ns,pncA,306_309delGTAC
A2-ns,pncA,Ser104Gly
A2-ns,pncA,123_309del
A2-ns,pncA,Tyr103*
A2-ns,pncA,Tyr103Cys
A2-ns,pncA,Tyr103Ser
A2-ns,pncA,Tyr103Asp
A2-ns,pncA,Tyr103His
A2-ns,pncA,306delG
A2-ns,pncA,305delC
A2-ns,pncA,305dupC
A2-ns,pncA,211_305delNNNNNNNNNNNNNNNNNNNNNNNNNNNNNNNNNNNNNNNNNNNNNNNNNNNNNNNNNNNNNNNNNNNNNNNNNNNNNNNNNNNNNNNNNNNNNNG
A2-ns,pncA,301_304dupGGAG
A2-ns,pncA,Ala102Thr
A2-ns,pncA,Ala102Pro
A2-ns,pncA,303delA
A2-ns,pncA,302delG
A2-ns,pncA,300_301dupCG
A2-ns,pncA,300delC
A2-ns,pncA,300dupC
A2-ns,pncA,298_299delAC
A2-ns,pncA,Thr100Ile
A2-ns,pncA,298dupA
A2-ns,pncA,298delA
A2-ns,pncA,Tyr99*
A2-ns,pncA,296delA
A2-ns,pncA,296_297insG
A2-ns,pncA,284_296delACAAGGGTGCCTA
A2-ns,pncA,295delT
A2-ns,pncA,294_295dupCT
A2-ns,pncA,294dupC
A2-ns,pncA,294delC
A2-ns,pncA,271_293dupGAGGCGGTGTTCTACAAGGGTGC
A2-ns,pncA,292_293dupGC
A2-ns,pncA,284_293delACAAGGGTGC
A2-ns,pncA,
A2-ns,pncA,292delG
A2-ns,pncA,291delT
A2-ns,pncA,291dupT
A2-ns,pncA,290dupG
A2-ns,pncA,289_290dupGG
A2-ns,pncA,290delG
A2-ns,pncA,Gly97Asp
A2-ns,pncA,Gly97Val
A2-ns,pncA,289_290insT
A2-ns,pncA,Gly97Ser
A2-ns,pncA,Gly97Cys
A2-ns,pncA,Gly97Arg
A2-ns,pncA,284_288dupACAAG
A2-ns,pncA,Lys96Asn
A2-ns,pncA,287delA
A2-ns,pncA,Lys96Thr
A2-ns,pncA,Lys96Arg
A2-ns,pncA,286_287insT
A2-ns,pncA,Lys96Gln
A2-ns,pncA,Lys96Glu
A2-ns,pncA,285delC
A2-ns,pncA,Tyr95*
A2-ns,pncA,282_283delCT
A2-ns,pncA,283delT
A2-ns,pncA,282delC
A2-ns,pncA,182_282del
A2-ns,pncA,Phe94Leu
A2-ns,pncA,281delT
A2-ns,pncA,281dupT
A2-ns,pncA,280_281dupTT
A2-ns,pncA,Phe94Ser
A2-ns,pncA,Phe94Cys
A2-ns,pncA,279delG
A2-ns,pncA,279dupG
A2-ns,pncA,278dupT
A2-ns,pncA,267_277delAATCGAGGCGG
A2-ns,pncA,277dupG
A2-ns,pncA,266_277dupCAATCGAGGCGG
A2-ns,pncA,272_276delAGGCG
A2-ns,pncA,274delG
A2-ns,pncA,252_273dupTCTGGACACGTCGGCAATCGAG
A2-ns,pncA,258_271delCACGTCGGCAATCG
A2-ns,pncA,Glu91*
A2-ns,pncA,270delC
A2-ns,pncA,Ile90Ser
A2-ns,pncA,Ile90Thr
A2-ns,pncA,Ser88*
A2-ns,pncA,262delT
A2-ns,pncA,258_261delCACG
A2-ns,pncA,260delC
A2-ns,pncA,259_260dupAC
A2-ns,pncA,259delA
A2-ns,pncA,246_259dupTCCCAGTCTGGACA
A2-ns,pncA,259dupA
A2-ns,pncA,234_258dupCGCGGACTTCCATCCCAGTCTGGAC
A2-ns,pncA,256delG
A2-ns,pncA,256dupG
A2-ns,pncA,255_256dupGG
A2-ns,pncA,250_254delAGTCT
A2-ns,pncA,Leu85Arg
A2-ns,pncA,Leu85Pro
A2-ns,pncA,250_251delAG
A2-ns,pncA,249dupC
A2-ns,pncA,249delC
A2-ns,pncA,242_246dupTCCAT
A2-ns,pncA,246delT
A2-ns,pncA,245delA
A2-ns,pncA,His82Arg
A2-ns,pncA,His82Leu
A2-ns,pncA,244_245insT
A2-ns,pncA,244dupC
A2-ns,pncA,His82Asp
A2-ns,pncA,His82Tyr
A2-ns,pncA,243_244insA
A2-ns,pncA,242dupT
A2-ns,pncA,121_241del
A2-ns,pncA,241_242insG
A2-ns,pncA,240_241dupCT
A2-ns,pncA,Phe81Val
A2-ns,pncA,236_237delCG
A2-ns,pncA,226_236delACTCCCGGCGC
A2-ns,pncA,Ala79Gly
A2-ns,pncA,
A2-ns,pncA,233delG
A2-ns,pncA,233dupG
A2-ns,pncA,Gly78Asp
A2-ns,pncA,Gly78Val
A2-ns,pncA,220_231delAGCGGTACTCCC
A2-ns,pncA,Gly78Ser
A2-ns,pncA,Gly78Cys
A2-ns,pncA,231delC
A2-ns,pncA,152_231delNNNNNNNNNNNNNNNNNNNNNNNNNNNNNNNNNNNNNNNNNNNNNNNNNNNNNNNNNNNNNNNNNNNNNNNNNNNNNNNG
A2-ns,pncA,231dupC
A2-ns,pncA,223_230delGGTACTCC
A2-ns,pncA,230_231insA
A2-ns,pncA,226_230delACTCC
A2-ns,pncA,
A2-ns,pncA,100_227del
A2-ns,pncA,Thr76Ile
A2-ns,pncA,226delA
A2-ns,pncA,Thr76Pro
A2-ns,pncA,224dupG
A2-ns,pncA,219dupC
A2-ns,pncA,186_217dupGGACTATTCCTCGTCGTGGCCACCGCATTGCG
A2-ns,pncA,217delG
A2-ns,pncA,210_217dupGCATTGCG
A2-ns,pncA,206_216delCACCGCATTGC
A2-ns,pncA,209_216dupCGCATTGC
A2-ns,pncA,Cys72*
A2-ns,pncA,Cys72Trp
A2-ns,pncA,
A2-ns,pncA,Cys72Tyr
A2-ns,pncA,214delT
A2-ns,pncA,Cys72Arg
A2-ns,pncA,His71Gln
A2-ns,pncA,
A2-ns,pncA,
A2-ns,pncA,His71Arg
A2-ns,pncA,His71Pro
A2-ns,pncA,210_211dupGC
A2-ns,pncA,His71Tyr
A2-ns,pncA,His71Asn
A2-ns,pncA,His71Asp
A2-ns,pncA,209dupC
A2-ns,pncA,205_206dupCC
A2-ns,pncA,206dupC
A2-ns,pncA,
A2-ns,pncA,206delC
A2-ns,pncA,Pro69Leu
A2-ns,pncA,Pro69Arg
A2-ns,pncA,138_205delAACCAAGGACTTCCACATCGACCCGGGTGACCACTTCTCCGGCACACCGGACTATTCCTCGTCGTGGC
A2-ns,pncA,204delG
A2-ns,pncA,Trp68Cys
A2-ns,pncA,Trp68*
A2-ns,pncA,194_203delCCTCGTCGTG
A2-ns,pncA,Trp68Ser
A2-ns,pncA,Trp68Leu
A2-ns,pncA,Trp68Gly
A2-ns,pncA,Trp68Arg
A2-ns,pncA,189_200delCTATTCCTCGTC
A2-ns,pncA,193_200dupTCCTCGTC
A2-ns,pncA,Ser67Pro
A2-ns,pncA,
A2-ns,pncA,195_197delCTC
A2-ns,pncA,Ser66Pro
A2-ns,pncA,181_194delACACCGGACTATTC
A2-ns,pncA,193dupT
A2-ns,pncA,193_194insA
A2-ns,pncA,192_193insA
A2-ns,pncA,191_192dupAT
A2-ns,pncA,192_193insG
A2-ns,pncA,186_192dupGGACTAT
A2-ns,pncA,Tyr64*
A2-ns,pncA,181_191delACACCGGACTA
A2-ns,pncA,182_191delCACCGGACTA
A2-ns,pncA,190delT
A2-ns,pncA,Tyr64Asp
A2-ns,pncA,185_189delCGGAC
A2-ns,pncA,188dupA
A2-ns,pncA,175_188dupTCCGGCACACCGGA
A2-ns,pncA,Asp63Gly
A2-ns,pncA,Asp63Ala
A2-ns,pncA,186_187dupGG
A2-ns,pncA,187delG
A2-ns,pncA,187_188insC
A2-ns,pncA,Asp63His
A2-ns,pncA,158_186delACCCGGGTGACCACTTCTCCGGCACACCG
A2-ns,pncA,185_186insA
A2-ns,pncA,185delC
A2-ns,pncA,Pro62Leu
A2-ns,pncA,Pro62Gln
A2-ns,pncA,Pro62Arg
A2-ns,pncA,183_184dupAC
A2-ns,pncA,Pro62Ser
A2-ns,pncA,Pro62Thr
A2-ns,pncA,177_182delCGGCAC
A2-ns,pncA,
A2-ns,pncA,181dupA
A2-ns,pncA,Thr61Pro
A2-ns,pncA,180dupC
A2-ns,pncA,179delG
A2-ns,pncA,178_179insTG
A2-ns,pncA,Ser59Phe
A2-ns,pncA,175delT
A2-ns,pncA,Ser59Pro
A2-ns,pncA,174dupC
A2-ns,pncA,Phe58Leu
A2-ns,pncA,104_173delNNNNNNNNNNNNNNNNNNNNNNNNNNNNNNNNNNNNNNNNNNNNNNNNNNNNNNNNNNNNNNNNNNNNNC
A2-ns,pncA,172_173delTT
A2-ns,pncA,173delT
A2-ns,pncA,Phe58Ser
A2-ns,pncA,171dupC
A2-ns,pncA,170_171delAC
A2-ns,pncA,170_171dupAC
A2-ns,pncA,171_172insA
A2-ns,pncA,170dupA
A2-ns,pncA,164_170delGTGACCA
A2-ns,pncA,167_170dupACCA
A2-ns,pncA,170delA
A2-ns,pncA,His57Arg
A2-ns,pncA,166_169delGACC
A2-ns,pncA,His57Leu
A2-ns,pncA,His57Pro
A2-ns,pncA,169delC
A2-ns,pncA,161_169delCGGGTGACC
A2-ns,pncA,His57Asp
A2-ns,pncA,His57Tyr
A2-ns,pncA,167_168delAC
A2-ns,pncA,His57Asn
A2-ns,pncA,166_167dupGA
A2-ns,pncA,164_167dupGTGA
A2-ns,pncA,165_166delTG
A2-ns,pncA,166dupG
A2-ns,pncA,161_165dupCGGGT
A2-ns,pncA,165delT
A2-ns,pncA,164delG
A2-ns,pncA,162_164delGGG
A2-ns,pncA,163_164delGG
A2-ns,pncA,152_161delACATCGACCC
A2-ns,pncA,161delC
A2-ns,pncA,161dupC
A2-ns,pncA,Pro54Leu
A2-ns,pncA,Pro54Gln
A2-ns,pncA,Pro54Thr
A2-ns,pncA,149_158delTCCACATCGA
A2-ns,pncA,158delA
A2-ns,pncA,Asp53Ala
A2-ns,pncA,153_157dupCATCG
A2-ns,pncA,Asp53Asn
A2-ns,pncA,123_156delNNNNNNNNNNNNNNNNNNNNNNNNNNNNNNNNNG
A2-ns,pncA,154delA
A2-ns,pncA,102_153delNNNNNNNNNNNNNNNNNNNNNNNNNNNNNNNNNNNNNNNNNNNNNNNNNNNA
A2-ns,pncA,His51Gln
A2-ns,pncA,152dupA
A2-ns,pncA,His51Arg
A2-ns,pncA,His51Pro
A2-ns,pncA,151dupC
A2-ns,pncA,His51Tyr
A2-ns,pncA,His51Asp
A2-ns,pncA,His51Asn
A2-ns,pncA,149_150dupTC
A2-ns,pncA,149delT
A2-ns,pncA,Asp49Glu
A2-ns,pncA,Asp49Ala
A2-ns,pncA,Asp49Gly
A2-ns,pncA,Asp49Val
A2-ns,pncA,Asp49Tyr
A2-ns,pncA,Asp49Asn
A2-ns,pncA,Asp49His
A2-ns,pncA,140_143delCCAA
A2-ns,pncA,143delA
A2-ns,pncA,Lys48Thr
A2-ns,pncA,Lys48Glu
A2-ns,pncA,141dupC
A2-ns,pncA,139delA
A2-ns,pncA,139dupA
A2-ns,pncA,Thr47Ser
A2-ns,pncA,Thr47Ala
A2-ns,pncA,Thr47Pro
A2-ns,pncA,137_138dupCA
A2-ns,pncA,Ala46Val
A2-ns,pncA,Ala46Glu
A2-ns,pncA,136delG
A2-ns,pncA,Ala46Pro
A2-ns,pncA,134_135dupTG
A2-ns,pncA,134delT
A2-ns,pncA,Val45Gly
A2-ns,pncA,51_132delNNNNNNNNNNNNNNNNNNNNNNNNNNNNNNNNNNNNNNNNNNNNNNNNNNNNNNNNNNNNNNNNNNNNNNNNNNNNNNNNNG
A2-ns,pncA,116_132delCGGACTACCATCACGTC
A2-ns,pncA,131delT
A2-ns,pncA,Val44Gly
A2-ns,pncA,
A2-ns,pncA,124_130dupCATCACG
A2-ns,pncA,129_130delCG
A2-ns,pncA,129dupC
A2-ns,pncA,128delA
A2-ns,pncA,His43Pro
A2-ns,pncA,126_127delTC
A2-ns,pncA,
A2-ns,pncA,124delC
A2-ns,pncA,Tyr41*
A2-ns,pncA,122delA
A2-ns,pncA,110_122delAAGCGGCGGACTA
A2-ns,pncA,121delT
A2-ns,pncA,121dupT
A2-ns,pncA,Tyr41His
A2-ns,pncA,120delC
A2-ns,pncA,119delA
A2-ns,pncA,118delG
A2-ns,pncA,
A2-ns,pncA,118dupG
A2-ns,pncA,116dupC
A2-ns,pncA,116delC
A2-ns,pncA,115dupG
A2-ns,pncA,112_115dupGCGG
A2-ns,pncA,111delA
A2-ns,pncA,Glu37*
A2-ns,pncA,108delC
A2-ns,pncA,100_107delTACCTGGC
A2-ns,pncA,106dupG
A2-ns,pncA,106delG
A2-ns,pncA,93_105dupCAGCGACTACCTG
A2-ns,pncA,104delT
A2-ns,pncA,Leu35Pro
A2-ns,pncA,Tyr34*
A2-ns,pncA,101dupA
A2-ns,pncA,Tyr34Ser
A2-ns,pncA,93_100delCAGCGACT
A2-ns,pncA,Tyr34Asp
A2-ns,pncA,98_99delAC
A2-ns,pncA,96_97dupCG
A2-ns,pncA,97dupG
A2-ns,pncA,95dupG
A2-ns,pncA,Ser32Ile
A2-ns,pncA,93_94insT
A2-ns,pncA,91_92delAT
A2-ns,pncA,Ile31Ser
A2-ns,pncA,Ile31Thr
A2-ns,pncA,15_91delNNNNNNNNNNNNNNNNNNNNNNNNNNNNNNNNNNNNNNNNNNNNNNNNNNNNNNNNNNNNNNNNNNNNNNNNNNNNT
A2-ns,pncA,90delC
A2-ns,pncA,81_90delGGCCCGCGCC
A2-ns,pncA,80_89dupTGGCCCGCGC
A2-ns,pncA,80_89delTGGCCCGCGC
A2-ns,pncA,86_89dupGCGC
A2-ns,pncA,88_89dupGC
A2-ns,pncA,88dupG
A2-ns,pncA,87delC
A2-ns,pncA,86delG
A2-ns,pncA,79_85delCTGGCCC
A2-ns,pncA,85dupC
A2-ns,pncA,85delC
A2-ns,pncA,84_85insG
A2-ns,pncA,81_84delGGCC
A2-ns,pncA,80_83dupTGGC
A2-ns,pncA,82_83delGC
A2-ns,pncA,Ala28Asp
A2-ns,pncA,80dupT
A2-ns,pncA,Leu27Pro
A2-ns,pncA,75_79dupCGCGC
A2-ns,pncA,78_79delGC
A2-ns,pncA,75_79delCGCGC
A2-ns,pncA,68_78delGTGGCGCCGCG
A2-ns,pncA,77delC
A2-ns,pncA,75dupC
A2-ns,pncA,75delC
A2-ns,pncA,48_74delTGGCTCGCTGGCGGTAACCGGTGGCGC
A2-ns,pncA,47_74delNNNNNNNNNNNNNNNNNNNNNNNNNNNC
A2-ns,pncA,73_74dupGC
A2-ns,pncA,73delG
A2-ns,pncA,61_73dupGTAACCGGTGGCG
A2-ns,pncA,71delG
A2-ns,pncA,Gly24Asp
A2-ns,pncA,Gly24Arg
A2-ns,pncA,63_69dupAACCGGT
A2-ns,pncA,68delG
A2-ns,pncA,Gly23Val
A2-ns,pncA,66_67insT
A2-ns,pncA,66dupC
A2-ns,pncA,64delA
A2-ns,pncA,64dupA
A2-ns,pncA,63_64delAA
A2-ns,pncA,64_65insG
A2-ns,pncA,62delT
A2-ns,pncA,Val21Ala
A2-ns,pncA,61dupG
A2-ns,pncA,Val21Gly
A2-ns,pncA,59delC
A2-ns,pncA,59_60insT
A2-ns,pncA,48_58delTGGCTCGCTGG
A2-ns,pncA,58dupG
A2-ns,pncA,Leu19Pro
A2-ns,pncA,Leu19Arg
A2-ns,pncA,55delC
A2-ns,pncA,54dupG
A2-ns,pncA,52_53delTC
A2-ns,pncA,53dupC
A2-ns,pncA,53delC
A2-ns,pncA,Ser18*
A2-ns,pncA,52delT
A2-ns,pncA,
A2-ns,pncA,51dupC
A2-ns,pncA,51delC
A2-ns,pncA,Ser18Pro
A2-ns,pncA,50_51dupGC
A2-ns,pncA,50dupG
A2-ns,pncA,50delG
A2-ns,pncA,Gly17Asp
A2-ns,pncA,Gly17Val
A2-ns,pncA,
A2-ns,pncA,48delT
A2-ns,pncA,48dupT
A2-ns,pncA,48_49insA
A2-ns,pncA,42_48delCGAGGGT
A2-ns,pncA,47delG
A2-ns,pncA,47dupG
A2-ns,pncA,
A2-ns,pncA,46_47insAG
A2-ns,pncA,35_44delACTTCTGCGA
A2-ns,pncA,44delA
A2-ns,pncA,
A2-ns,pncA,42dupC
A2-ns,pncA,Glu15*
A2-ns,pncA,Cys14*
A2-ns,pncA,Cys14Trp
A2-ns,pncA,41delG
A2-ns,pncA,Cys14Tyr
A2-ns,pncA,Cys14Arg
A2-ns,pncA,Cys14Gly
A2-ns,pncA,Phe13Leu
A2-ns,pncA,Phe13Ser
A2-ns,pncA,34_37dupGACT
A2-ns,pncA,Phe13Ile
A2-ns,pncA,36delC
A2-ns,pncA,Asp12Glu
A2-ns,pncA,Asp12Ala
A2-ns,pncA,Asp12Gly
A2-ns,pncA,34dupG
A2-ns,pncA,Asp12Asn
A2-ns,pncA,28_31dupCAGA
A2-ns,pncA,Gln10His
A2-ns,pncA,29dupA
A2-ns,pncA,Gln10Pro
A2-ns,pncA,Gln10Arg
A2-ns,pncA,28delC
A2-ns,pncA,Gln10*
A2-ns,pncA,Gln10Lys
A2-ns,pncA,Val9Ala
A2-ns,pncA,Val9Gly
A2-ns,pncA,Asp8Glu
A2-ns,pncA,Asp8Gly
A2-ns,pncA,Asp8Ala
A2-ns,pncA,22dupG
A2-ns,pncA,
A2-ns,pncA,10_22delTTGATCATCGTCG
A2-ns,pncA,
A2-ns,pncA,Asp8Asn
A2-ns,pncA,Asp8Tyr
A2-ns,pncA,20delT
A2-ns,pncA,Val7Gly
A2-ns,pncA,Val7Ala
A2-ns,pncA,Val7Leu
A2-ns,pncA,Val7Ile
A2-ns,pncA,Val7Phe
A2-ns,pncA,Ile6Met
A2-ns,pncA,17dupT
A2-ns,pncA,Ile6Ser
A2-ns,pncA,Ile6Thr
A2-ns,pncA,16delA
A2-ns,pncA,15dupC
A2-ns,pncA,7_15delGCGTTGATC
A2-ns,pncA,14dupT
A2-ns,pncA,12_14delGAT
A2-ns,pncA,7_14dupGCGTTGAT
A2-ns,pncA,Ile5Ser
A2-ns,pncA,Ile5Thr
A2-ns,pncA,12_13dupGA
A2-ns,pncA,9_12dupGTTG
A2-ns,pncA,Leu4Trp
A2-ns,pncA,Leu4Ser
A2-ns,pncA,8_9dupCG
A2-ns,pncA,Ala3Glu
A2-ns,pncA,7dupG
A2-ns,pncA,7delG
A2-ns,pncA,
A2-ns,pncA,Ala3Pro
A2-ns,pncA,4_5delCG
A2-ns,pncA,4_5dupCG
A2-ns,pncA,4delC
A2-ns,pncA,2delT
A2-ns,pncA,
A2-ns,pncA,
A2-ns,pncA,
A2-ns,pncA,
A2-ns,pncA,
A2-ns,pncA,
A2-ns,pncA,
A2-ns,pncA,
-,kasA,Asp66Asn
-,kasA,Met77Ile
-,kasA,Arg121Lys
-,kasA,Gly387Asp
A13-ns,eis,
A13-ns,eis,
A13-ns,eis,
A13-ns,eis,
A13-ns,eis,
A13-ns,eis,
A13-ns,eis,
A13-ns,eis,
A13-ns,eis,
A13-ns,eis,
A19-ns,ahpC,
A19-ns,ahpC,
A19-ns,ahpC,
A19-ns,ahpC,
A19-ns,ahpC,
A19-ns,ahpC,
A19-ns,ahpC,
A19-ns,ahpC,
A19-ns,ahpC,
A19-ns,ahpC,
A19-ns,ahpC,Pro2Ser
A19-ns,ahpC,Thr5Ile
A19-ns,ahpC,Phe10Ile
A19-ns,ahpC,Asp33Asn
-,ahpC,Leu191Arg
A20-ns,folC,Glu153Ala
A20-ns,folC,Glu153Gly
A20-ns,folC,Phe152Leu
A20-ns,folC,Phe152Ser
A20-ns,folC,Ser150Gly
A20-ns,folC,Ser150Cys
A20-ns,folC,Arg91Trp
A20-ns,folC,Asn73Ser
A20-ns,folC,Leu56Val
A20-ns,folC,Arg49Pro
A20-ns,folC,Arg49Trp
A20-ns,folC,Ile43Thr
A20-ns,folC,Ile43Ser
A20-ns,folC,Glu40Gly
A20-ns,folC,Glu40Gln
A20-ns,folC,Thr20Pro
-,ribD,Gly8Arg
A25-ns,thyX,
A27-ns,thyA,Arg235Pro
A27-ns,thyA,Pro224Leu
A27-ns,thyA,Arg222Gly
A27-ns,thyA,His207Arg
A27-ns,thyA,Cys161Tyr
A27-ns,thyA,Phe152Val
A27-ns,thyA,Arg126Gln
A27-ns,thyA,373dupT
A29-ns,thyA,Ser105Pro
A29-ns,thyA,Trp101Arg
A29-ns,thyA,Trp98*
A29-ns,thyA,Gly91Arg
A29-ns,thyA,Trp83*
A29-ns,thyA,Trp83Cys
A29-ns,thyA,Val77Phe
A29-ns,thyA,Gly76*
A29-ns,thyA,His75Asn
A29-ns,thyA,Tyr36Cys
A29-ns,thyA,Thr22Ala
-,ald,130dupG
-,ald,133delA
-,ald,134_135dupTC
-,ald,317_318insT
-,ald,436_437dupGC
-,ald,464delG
-,ald,839_843dupCGACC
-,ald,879_880dupGC
-,ald,897_898dupGA
-,ald,968_969dupAG
-,ald,992dupC
-,ald,1107dupG
-,fbiA,Asp49Tyr
-,fbiA,Arg175His
-,fbiA,Lys250*
-,alr,Met343Thr
A24-ns,alr,Leu113Arg
A24-ns,alr,Phe4Leu
A6-ns,ddn,Leu49Pro
A6-ns,ddn,Gly81Asp
A6-ns,ddn,Trp88*
-,panD,Val138Ala
-,panD,Val138Gly
-,panD,Leu136Arg
-,panD,Ala128Ser
-,panD,Glu126*
-,panD,Met117Ile
-,panD,Ile49Val
-,panD,His21Arg
-,embC,Ala244Thr
-,embC,Ala247Pro
-,embC,Leu251Arg
-,embC,Gly272Ser
-,embC,His285Tyr
-,embC,Gly288Trp
-,embC,Gly288Val
-,embC,Tyr296His
-,embC,Ile297Leu
-,embC,Arg302Gly
-,embC,Val303Gly
-,embC,Ala307Thr
-,embC,Gly308Asp
-,embC,Trp326Arg
-,embC,Tyr327Asn
-,embC,Ala779Val
A16-ns,embA,
A16-ns,embA,
A16-ns,embA,
A16-ns,embA,
A16-ns,embA,
A16-ns,embA,Asp4Asn
-,embA,Gly321Ser
-,embA,Gly350Asp
-,embA,Ala462Val
-,embA,Asp833Ala
-,embB,Leu74Arg
-,embB,Ala225Ser
-,embB,Val227Gly
-,embB,Leu239Pro
-,embB,Asp240His
A3-ns,embB,Arg257Trp
A3-ns,embB,Ala271Val
A3-ns,embB,Arg274Pro
A3-ns,embB,Val282Leu
A3-ns,embB,Phe285Leu
A3-ns,embB,Gly294Ser
A3-ns,embB,Asn296His
A3-ns,embB,Asn296Lys
A3-ns,embB,Ser297Ala
A3-ns,embB,Ser297Leu
A3-ns,embB,Met306Val
A3-ns,embB,Met306Leu
A3-ns,embB,Met306Thr
A3-ns,embB,Met306Ile
A3-ns,embB,Val309Gly
A3-ns,embB,Asp311His
A3-ns,embB,Asp311Gly
A3-ns,embB,His312Arg
A3-ns,embB,Ala313Val
A3-ns,embB,Tyr315Cys
A3-ns,embB,Ser317Thr
A3-ns,embB,Asn318Lys
A3-ns,embB,Tyr319Asn
A3-ns,embB,Tyr319Ser
A3-ns,embB,Tyr319Cys
A3-ns,embB,Phe320Leu
A3-ns,embB,Asp328Tyr
A3-ns,embB,Asp328Gly
A3-ns,embB,Asp328Val
A3-ns,embB,Phe330Val
A3-ns,embB,Trp332Leu
A3-ns,embB,Tyr334His
A3-ns,embB,Ser347Cys
A3-ns,embB,Ser347Ile
A3-ns,embB,Ser347Thr
A3-ns,embB,Asp354Ala
A3-ns,embB,Ala356Ser
A3-ns,embB,Ala356Val
A3-ns,embB,Ala357Ser
A3-ns,embB,Ala357Val
A3-ns,embB,Gly358Val
A3-ns,embB,Leu359Ile
A3-ns,embB,Val360Met
A3-ns,embB,Ser366Pro
A3-ns,embB,Val369Leu
A3-ns,embB,Val369Ala
A3-ns,embB,Leu370Arg
A3-ns,embB,Pro371Arg
A3-ns,embB,Gly374Val
A3-ns,embB,Val377Met
A3-ns,embB,Val377Gly
A3-ns,embB,Glu378Lys
A3-ns,embB,Ala379Thr
A3-ns,embB,Ala379Asp
A3-ns,embB,Ser380Asn
A3-ns,embB,Ser380Arg
A3-ns,embB,Tyr384Asn
A3-ns,embB,Ala388Gly
A3-ns,embB,Trp395Cys
A3-ns,embB,Pro397Thr
A3-ns,embB,Pro397Gln
A3-ns,embB,Phe398Tyr
A3-ns,embB,Asn399Asp
A3-ns,embB,Pro404Ser
A3-ns,embB,Glu405Asp
A3-ns,embB,Gly406Ser
A3-ns,embB,Gly406Cys
A3-ns,embB,Gly406Asp
A3-ns,embB,Gly406Ala
A3-ns,embB,Ser412Leu
A3-ns,embB,Met423Thr
A3-ns,embB,Met423Ile
A3-ns,embB,Pro430Leu
A3-ns,embB,Ala431Thr
A3-ns,embB,Val436Gly
A3-ns,embB,Thr437Ala
A3-ns,embB,Pro446His
A3-ns,embB,Gly448Val
A3-ns,embB,Val452Leu
A3-ns,embB,Arg460Cys
A3-ns,embB,Pro461Ser
A3-ns,embB,Arg469Pro
A3-ns,embB,Arg471Pro
A3-ns,embB,Met482Ile
A3-ns,embB,Gln497Lys
A3-ns,embB,Gln497Arg
A3-ns,embB,Gln497Pro
A3-ns,embB,Glu504Asp
A3-ns,embB,Arg507Lys
-,embB,Ala659Thr
-,embB,Gly745Asp
-,embB,Gln853Pro
A22-ns,embB,Asp959Ala
A22-ns,embB,Met1000Arg
A22-ns,embB,His1002Arg
A22-ns,embB,Asp1024Asn
-,ethA,899_*1548del
-,ethA,899_*1547del
-,ethA,170_*1507del
-,ethA,1269_*1247del
-,ethA,1100_*809del
-,ethA,621_*634del
-,ethA,815_*500del
-,ethA,815_*449del
-,ethA,1026_*286del
A23-ns,ethA,480_*217del
A23-ns,ethA,776_*135del
A23-ns,ethA,375_*60del
A23-ns,ethA,1356_*16del
A23-ns,ethA,1468delT
A23-ns,ethA,1465delG
A23-ns,ethA,1465dupG
A23-ns,ethA,1464_1465dupGG
A23-ns,ethA,
A23-ns,ethA,
A23-ns,ethA,1457delC
A23-ns,ethA,1397_1455delGGCTCATCCGGCGCGGCAAGATCGACGACGAGGGTCTGCGGTTCGCCAAAAGGCCTGCC
A23-ns,ethA,1453delG
A23-ns,ethA,1447delA
A23-ns,ethA,1443dupC
A23-ns,ethA,1443delC
A23-ns,ethA,1439delT
A23-ns,ethA,1430_1439delGTCTGCGGTT
A23-ns,ethA,1435dupC
A23-ns,ethA,1432dupC
A23-ns,ethA,1431delT
A23-ns,ethA,1431dupT
A23-ns,ethA,1427_1428dupAG
A23-ns,ethA,1415_1427delAGATCGACGACGA
A23-ns,ethA,Glu476*
A23-ns,ethA,1411_1414dupGGCA
A23-ns,ethA,1400_1412delTCATCCGGCGCGG
A23-ns,ethA,1407delG
A23-ns,ethA,1405dupC
A23-ns,ethA,1400_1401dupTC
A23-ns,ethA,1014_1399del
A23-ns,ethA,1396_1397insT
A23-ns,ethA,1396delC
A23-ns,ethA,1394dupT
A23-ns,ethA,7_1394del
A23-ns,ethA,1392dupC
A23-ns,ethA,1391dupA
A23-ns,ethA,1390_1391dupGA
A23-ns,ethA,1391delA
A23-ns,ethA,1390dupG
A23-ns,ethA,
A23-ns,ethA,1390delG
A23-ns,ethA,
A23-ns,ethA,1386delA
A23-ns,ethA,Arg463Ser
A23-ns,ethA,Tyr461*
A23-ns,ethA,1371_1381delGAATCAGAACT
A23-ns,ethA,Tyr461His
A23-ns,ethA,1364_1380delGGCGCCTGAATCAGAAC
A23-ns,ethA,1379dupA
A23-ns,ethA,1370delT
A23-ns,ethA,1369dupC
A23-ns,ethA,Trp455*
A23-ns,ethA,1363_1364delTG
A23-ns,ethA,1359_1360dupAC
A23-ns,ethA,1359dupA
A23-ns,ethA,
A23-ns,ethA,1355delG
A23-ns,ethA,1353delG
A23-ns,ethA,1351_1352dupTC
A23-ns,ethA,1351delT
A23-ns,ethA,1351dupT
A23-ns,ethA,1349dupG
A23-ns,ethA,1343delA
A23-ns,ethA,1341delC
A23-ns,ethA,1338delG
A23-ns,ethA,1336_1337insCC
A23-ns,ethA,1334_1335dupAG
A23-ns,ethA,1333dupG
A23-ns,ethA,1330delG
A23-ns,ethA,1323_1329delCTCGCTG
A23-ns,ethA,1323dupC
A23-ns,ethA,1322dupG
A23-ns,ethA,1321delC
A23-ns,ethA,1319delT
A23-ns,ethA,1317_1318dupGC
A23-ns,ethA,1205_1316del
A23-ns,ethA,1314dupC
A23-ns,ethA,1305_1314delCCCAGGTTAC
A23-ns,ethA,Tyr438*
A23-ns,ethA,1313delA
A23-ns,ethA,1312delT
A23-ns,ethA,1309_1310dupGG
"A14-ns,A23-ns",ethA,1307dupC
"A14-ns,A23-ns",ethA,1307delC
"A14-ns,A23-ns",ethA,
"A14-ns,A23-ns",ethA,1291_1305delTTCATGGAGTTCACC
"A14-ns,A23-ns",ethA,1301_1304dupTCAC
"A14-ns,A23-ns",ethA,1303delA
"A14-ns,A23-ns",ethA,1303dupA
"A14-ns,A23-ns",ethA,1302dupC
"A14-ns,A23-ns",ethA,1301_1302dupTC
"A14-ns,A23-ns",ethA,1301delT
"A14-ns,A23-ns",ethA,1299_1300dupGT
"A14-ns,A23-ns",ethA,1299dupG
"A14-ns,A23-ns",ethA,1298_1299delAG
"A14-ns,A23-ns",ethA,1298dupA
"A14-ns,A23-ns",ethA,1246_1294delNNNNNNNNNNNNNNNNNNNNNNNNNNNNNNNNNNNNNNNNNNNNNNNNT
"A14-ns,A23-ns",ethA,1292_1293delTC
"A14-ns,A23-ns",ethA,1292delT
"A14-ns,A23-ns",ethA,1292dupT
"A14-ns,A23-ns",ethA,1290delC
"A14-ns,A23-ns",ethA,1290dupC
"A14-ns,A23-ns",ethA,1287delG
"A14-ns,A23-ns",ethA,1266_1287dupGGGCTCAGATGTCGAAGAGCGG
"A14-ns,A23-ns",ethA,1285_1286delCG
"A14-ns,A23-ns",ethA,1281dupA
"A14-ns,A23-ns",ethA,1276delG
"A14-ns,A23-ns",ethA,1275delT
"A14-ns,A23-ns",ethA,1273_1274delGA
"A14-ns,A23-ns",ethA,1270delT
"A14-ns,A23-ns",ethA,1268_1269dupGC
"A14-ns,A23-ns",ethA,1268delG
"A14-ns,A23-ns",ethA,1268dupG
"A14-ns,A23-ns",ethA,1265delC
"A14-ns,A23-ns",ethA,1265_1266insT
A14-ns,ethA,1263_1264insG
A14-ns,ethA,1261_1262dupCG
A14-ns,ethA,1257_1261dupCGAGC
A14-ns,ethA,1260delG
A14-ns,ethA,Arg421*
A14-ns,ethA,1259delA
A14-ns,ethA,1256delT
A14-ns,ethA,1246_1247delAC
A14-ns,ethA,
A14-ns,ethA,1246dupA
A14-ns,ethA,1242dupT
A14-ns,ethA,1242delT
A14-ns,ethA,1238dupG
A14-ns,ethA,Gly413Asp
A14-ns,ethA,168_1236del
A14-ns,ethA,1233dupC
A14-ns,ethA,1230delC
A14-ns,ethA,789_1227del
A14-ns,ethA,1215_1224delGTTGAATTAC
A14-ns,ethA,Tyr408*
A14-ns,ethA,1222delT
A14-ns,ethA,1218_1222dupGAATT
A14-ns,ethA,1222dupT
A14-ns,ethA,1219_1220dupAA
A14-ns,ethA,1188_1215dupCCTGGTGTCGGAGTTTGTCTGTCGCTTG
A14-ns,ethA,1214delT
A14-ns,ethA,1212delC
A14-ns,ethA,1199_1208delAGTTTGTCTG
A14-ns,ethA,
A14-ns,ethA,Cys403Gly
A14-ns,ethA,1203delT
A14-ns,ethA,398_1202del
A14-ns,ethA,1200_1201delGT
A14-ns,ethA,1199_1200dupAG
A14-ns,ethA,1200delG
A14-ns,ethA,Ser399*
A14-ns,ethA,1194_1195delGT
A14-ns,ethA,1192_1194dupGTG
A14-ns,ethA,241_1193del
A14-ns,ethA,1193dupT
A14-ns,ethA,1192dupG
A14-ns,ethA,Leu397Arg
A14-ns,ethA,1179_1188delGAAGGCCGAC
A14-ns,ethA,1187delA
A14-ns,ethA,1185dupC
A14-ns,ethA,1185delC
A14-ns,ethA,
A14-ns,ethA,1183dupG
A14-ns,ethA,1183delG
A14-ns,ethA,1181delA
A14-ns,ethA,Lys394*
A14-ns,ethA,1176_1177dupGC
A14-ns,ethA,1174_1175dupAC
A14-ns,ethA,1174delA
A14-ns,ethA,Thr392Ala
A14-ns,ethA,1173delG
A14-ns,ethA,Trp391*
A14-ns,ethA,Ser390Phe
A14-ns,ethA,1168delT
A14-ns,ethA,1167delC
A14-ns,ethA,1165delG
A14-ns,ethA,1163dupA
A14-ns,ethA,1161delC
A14-ns,ethA,1159dupA
A14-ns,ethA,Tyr386*
A14-ns,ethA,Tyr386Cys
A14-ns,ethA,1156delT
A14-ns,ethA,1143_1155delCTACACGGTTGGC
A14-ns,ethA,1151_1154dupTTGG
A14-ns,ethA,Gly385Asp
A14-ns,ethA,1152delT
A14-ns,ethA,1152dupT
A14-ns,ethA,1150delG
A14-ns,ethA,1137_1149dupCATGGCCTACACG
A14-ns,ethA,1108_1147delNNNNNNNNNNNNNNNNNNNNNNNNNNNNNNNNNNNNNNNC
A14-ns,ethA,1147delA
A14-ns,ethA,1144delT
A14-ns,ethA,1140_1141dupGG
A14-ns,ethA,Ala381Pro
A14-ns,ethA,1136delA
A14-ns,ethA,599_1136del
A14-ns,ethA,1134delC
A14-ns,ethA,1133_1134delCC
A14-ns,ethA,Pro378Leu
A14-ns,ethA,1122_1131delTTCCGGCATC
A14-ns,ethA,
A14-ns,ethA,1128delC
A14-ns,ethA,1127dupG
A14-ns,ethA,1125_1126dupCG
A14-ns,ethA,1123delT
A14-ns,ethA,1120_1121delCT
A14-ns,ethA,106_1115del
A14-ns,ethA,1114delA
A14-ns,ethA,1112delG
A14-ns,ethA,1112dupG
A14-ns,ethA,1109delA
A14-ns,ethA,1105delT
A14-ns,ethA,1102_1105dupGCCT
A14-ns,ethA,1104delC
A14-ns,ethA,1093_1094dupAC
A14-ns,ethA,1090_1091dupAC
A14-ns,ethA,1084dupG
A14-ns,ethA,1084delG
A14-ns,ethA,1080delA
A14-ns,ethA,Gln360*
A14-ns,ethA,1077delA
A14-ns,ethA,Gln359*
A14-ns,ethA,1070_1072delACG
A14-ns,ethA,1065_1071delTATCGAC
A14-ns,ethA,1061dupC
A14-ns,ethA,1058_1061delCGGC
A14-ns,ethA,1060delG
A14-ns,ethA,1057_1059delACG
A14-ns,ethA,1055dupC
A14-ns,ethA,1054delG
A14-ns,ethA,1054dupG
A14-ns,ethA,1051delG
A14-ns,ethA,1050delT
A14-ns,ethA,1049dupG
A14-ns,ethA,1047delT
A14-ns,ethA,1047dupT
A14-ns,ethA,1046_1047delTT
A14-ns,ethA,1046_1047insA
A14-ns,ethA,101_1044del
A14-ns,ethA,1042delC
A14-ns,ethA,Gln347*
A14-ns,ethA,1038delG
A14-ns,ethA,1037delT
A14-ns,ethA,1032_1035dupGAAC
A14-ns,ethA,1034delA
A14-ns,ethA,849_1032del
A14-ns,ethA,1030_1032delTTG
A14-ns,ethA,1029delG
A14-ns,ethA,1029dupG
A14-ns,ethA,1028_1029dupGG
A14-ns,ethA,1012_1028dupATCATTACCGCAACGGG
A14-ns,ethA,Thr342Lys
A14-ns,ethA,1024delA
A14-ns,ethA,1021_1022dupGC
A14-ns,ethA,Ala341Val
A14-ns,ethA,1016_1018dupTTA
A14-ns,ethA,1018delA
A14-ns,ethA,1016_1018delTTA
A14-ns,ethA,951_1017delNNNNNNNNNNNNNNNNNNNNNNNNNNNNNNNNNNNNNNNNNNNNNNNNNNNNNNNNNNNNNNNNNNA
A14-ns,ethA,663_1014del
A14-ns,ethA,1004_1014delCTGACATCATC
A14-ns,ethA,Ile338Ser
A14-ns,ethA,1010delT
A14-ns,ethA,663_1009del
A14-ns,ethA,1006delG
A14-ns,ethA,999delG
A14-ns,ethA,858_999del
A14-ns,ethA,987_999delAGGTCGCGAACTG
A14-ns,ethA,993_994dupCG
A14-ns,ethA,Glu332*
A14-ns,ethA,989delG
A14-ns,ethA,987delA
A14-ns,ethA,985_986delTC
A14-ns,ethA,Ser329Leu
A14-ns,ethA,980delT
A14-ns,ethA,976dupC
A14-ns,ethA,973dupA
A14-ns,ethA,971dupG
A14-ns,ethA,971delG
A14-ns,ethA,676_970del
A14-ns,ethA,902_969delTGTTCCGGGCCATTCGTCACGGGAAGGTCGAGGTGGTGACCGACACCATTGAACGGTTCACCGCGACC
A14-ns,ethA,
A14-ns,ethA,966_968dupGAC
A14-ns,ethA,
A14-ns,ethA,963dupC
A14-ns,ethA,788_959del
A14-ns,ethA,930_958delCGAGGTGGTGACCGACACCATTGAACGGT
A14-ns,ethA,957delG
A14-ns,ethA,957dupG
A14-ns,ethA,
A14-ns,ethA,950_954delTTGAA
A14-ns,ethA,954delA
A14-ns,ethA,948_951dupCATT
A14-ns,ethA,951delT
A14-ns,ethA,779_948del
A14-ns,ethA,948delC
A14-ns,ethA,944dupA
A14-ns,ethA,942delC
A14-ns,ethA,942dupC
A14-ns,ethA,939delG
A14-ns,ethA,938dupT
A14-ns,ethA,937delG
A14-ns,ethA,867_934delGGACCAGCGATTGTGCTTGGTGCCCAACGGCGACCTGTTCCGGGCCATTCGTCACGGGAAGGTCGAGG
A14-ns,ethA,926delA
A14-ns,ethA,926dupA
A14-ns,ethA,924dupG
A14-ns,ethA,921delC
A14-ns,ethA,920delA
A14-ns,ethA,912delC
A14-ns,ethA,910delG
A14-ns,ethA,907_908dupCG
A14-ns,ethA,905delT
A14-ns,ethA,901dupC
A14-ns,ethA,753_900del
A14-ns,ethA,897_898dupCG
A14-ns,ethA,896dupG
A14-ns,ethA,893delA
A14-ns,ethA,893dupA
A14-ns,ethA,888_892dupGCCCA
A14-ns,ethA,891delC
A14-ns,ethA,888delG
A14-ns,ethA,887dupT
A14-ns,ethA,886delG
A14-ns,ethA,871_886delCAGCGATTGTGCTTGG
A14-ns,ethA,884delT
A14-ns,ethA,878_881dupTGTG
A14-ns,ethA,Cys294*
A14-ns,ethA,880_881delTG
A14-ns,ethA,880_881dupTG
A14-ns,ethA,Leu293*
A14-ns,ethA,
A14-ns,ethA,873delG
A14-ns,ethA,871delC
A14-ns,ethA,869dupA
A14-ns,ethA,685_869del
A14-ns,ethA,Trp289*
A14-ns,ethA,
A14-ns,ethA,862_866dupCCCTG
A14-ns,ethA,864_865delCT
A14-ns,ethA,864delC
A14-ns,ethA,864dupC
A14-ns,ethA,630_862del
A14-ns,ethA,860delA
A14-ns,ethA,860dupA
A14-ns,ethA,858_859insG
A14-ns,ethA,854_855delAC
A14-ns,ethA,851dupC
A14-ns,ethA,851delC
A14-ns,ethA,850_851dupCC
A14-ns,ethA,844_851dupTTCGGCCC
A14-ns,ethA,848delG
A14-ns,ethA,842_845dupACTT
A14-ns,ethA,841dupC
A14-ns,ethA,840_841dupGC
A14-ns,ethA,839delA
A14-ns,ethA,839dupA
A14-ns,ethA,831_837delCGTGCGA
A14-ns,ethA,Arg279*
A14-ns,ethA,820_830delGAGGGGTACGA
A14-ns,ethA,Tyr276*
A14-ns,ethA,826_827delTA
A14-ns,ethA,827delA
A14-ns,ethA,826delT
A14-ns,ethA,825dupG
A14-ns,ethA,825delG
A14-ns,ethA,824_825dupGG
A14-ns,ethA,819_823dupCGAGG
A14-ns,ethA,821delA
A14-ns,ethA,Leu272Pro
A14-ns,ethA,
A14-ns,ethA,815dupT
A14-ns,ethA,813_814dupGC
A14-ns,ethA,
A14-ns,ethA,811_812dupCA
A14-ns,ethA,811delC
A14-ns,ethA,Gln271*
A14-ns,ethA,808dupC
A14-ns,ethA,805dupC
A14-ns,ethA,
A14-ns,ethA,Gln269*
A14-ns,ethA,803delT
A14-ns,ethA,
A14-ns,ethA,788_798delTGTTCCTGAGC
A14-ns,ethA,796dupA
A14-ns,ethA,
A14-ns,ethA,794delT
A14-ns,ethA,
A14-ns,ethA,793delC
A14-ns,ethA,791_792dupTC
A14-ns,ethA,791delT
A14-ns,ethA,785_787delAGA
A14-ns,ethA,785delA
A14-ns,ethA,783delG
A14-ns,ethA,709_782delNNNNNNNNNNNNNNNNNNNNNNNNNNNNNNNNNNNNNNNNNNNNNNNNNNNNNNNNNNNNNNNNNNNNNNNNNG
A14-ns,ethA,440_779del
A14-ns,ethA,778delA
A14-ns,ethA,777dupC
A14-ns,ethA,776_777dupGC
A14-ns,ethA,773_777dupGGCGC
A14-ns,ethA,774delG
A14-ns,ethA,774dupG
A14-ns,ethA,771dupA
A14-ns,ethA,769_770dupCC
A14-ns,ethA,770dupC
A14-ns,ethA,770delC
A14-ns,ethA,768delG
A14-ns,ethA,767_768delGG
A14-ns,ethA,768dupG
A14-ns,ethA,767_768dupGG
A14-ns,ethA,Trp256*
A14-ns,ethA,766_767delTG
A14-ns,ethA,761delA
A14-ns,ethA,Gln254*
A14-ns,ethA,Cys253*
A14-ns,ethA,757delT
A14-ns,ethA,737_756dupAGGCGGCCGTGTACAGCGCC
A14-ns,ethA,756dupC
A14-ns,ethA,754_755dupGC
A14-ns,ethA,754_755delGC
A14-ns,ethA,562_754del
A14-ns,ethA,754_755insC
A14-ns,ethA,752dupG
A14-ns,ethA,742_752delGCCGTGTACAG
A14-ns,ethA,751delA
A14-ns,ethA,Tyr250*
A14-ns,ethA,676_749delNNNNNNNNNNNNNNNNNNNNNNNNNNNNNNNNNNNNNNNNNNNNNNNNNNNNNNNNNNNNNNNNNNNNNNNNNC
A14-ns,ethA,746dupT
A14-ns,ethA,746delT
A14-ns,ethA,737_744dupAGGCGGCC
A14-ns,ethA,741_743dupGGC
A14-ns,ethA,742dupG
A14-ns,ethA,741_742insC
A14-ns,ethA,739dupG
A14-ns,ethA,738_739delGG
A14-ns,ethA,737dupA
A14-ns,ethA,737delA
A14-ns,ethA,Gln246*
A14-ns,ethA,732dupG
A14-ns,ethA,726_727dupCG
A14-ns,ethA,725dupA
A14-ns,ethA,719_723dupGGAAG
A14-ns,ethA,722delA
A14-ns,ethA,720delG
A14-ns,ethA,720dupG
A14-ns,ethA,Trp240*
A14-ns,ethA,714_715delAC
A14-ns,ethA,710_711dupCG
A14-ns,ethA,711_712insT
A14-ns,ethA,710dupC
A14-ns,ethA,708_710dupCGC
A14-ns,ethA,708delC
A14-ns,ethA,699_707delGGCCTACAC
A14-ns,ethA,706_707delAC
A14-ns,ethA,706delA
A14-ns,ethA,706dupA
A14-ns,ethA,703delT
A14-ns,ethA,702delC
A14-ns,ethA,700delG
A14-ns,ethA,699_700dupGG
A14-ns,ethA,698delT
A14-ns,ethA,697delA
A14-ns,ethA,696delC
A14-ns,ethA,695_696dupCC
A14-ns,ethA,696dupC
A14-ns,ethA,693_694dupGA
A14-ns,ethA,Thr232Ala
A14-ns,ethA,693dupG
A14-ns,ethA,682_686dupTGGCT
A14-ns,ethA,686dupT
A14-ns,ethA,686_687insA
A14-ns,ethA,Trp228*
A14-ns,ethA,682delT
"A14-ns,A18-ns",ethA,679delC
"A14-ns,A18-ns",ethA,677delA
"A14-ns,A18-ns",ethA,675dupC
"A14-ns,A18-ns",ethA,672_673dupGC
"A14-ns,A18-ns",ethA,672dupG
"A14-ns,A18-ns",ethA,668_672delAGAAG
"A14-ns,A18-ns",ethA,668_671delAGAA
"A14-ns,A18-ns",ethA,671delA
"A14-ns,A18-ns",ethA,666_671delCGAGAA
"A14-ns,A18-ns",ethA,671dupA
"A14-ns,A18-ns",ethA,450_670del
"A14-ns,A18-ns",ethA,Glu223Lys
"A14-ns,A18-ns",ethA,657_658delCG
"A14-ns,A18-ns",ethA,657_658dupCG
"A14-ns,A18-ns",ethA,657delC
"A14-ns,A18-ns",ethA,655delG
"A14-ns,A18-ns",ethA,655dupG
"A14-ns,A18-ns",ethA,
"A14-ns,A18-ns",ethA,644dupA
"A14-ns,A18-ns",ethA,643delC
"A14-ns,A18-ns",ethA,Gln215*
"A14-ns,A18-ns",ethA,639_640delGT
"A14-ns,A18-ns",ethA,632_635dupACAT
"A14-ns,A18-ns",ethA,
"A14-ns,A18-ns",ethA,625_633dupCCCACCTAC
"A14-ns,A18-ns",ethA,633delC
"A14-ns,A18-ns",ethA,Tyr211*
"A14-ns,A18-ns",ethA,632dupA
"A14-ns,A18-ns",ethA,622_629dupTCACCCAC
A18-ns,ethA,628delA
A18-ns,ethA,626_627delCC
A18-ns,ethA,611_627dupTGCTGCAGCGCTCACCC
A18-ns,ethA,627dupC
A18-ns,ethA,145_626del
A18-ns,ethA,624delA
A18-ns,ethA,622_623delTC
A18-ns,ethA,623delC
A18-ns,ethA,620_621dupGC
A18-ns,ethA,620dupG
A18-ns,ethA,619delC
A18-ns,ethA,
A18-ns,ethA,Arg207Gly
A18-ns,ethA,618dupG
A18-ns,ethA,617delA
A18-ns,ethA,Gln206*
A18-ns,ethA,613dupC
A18-ns,ethA,611dupT
A18-ns,ethA,600_609delGCACGTCACG
A18-ns,ethA,
A18-ns,ethA,599delA
A18-ns,ethA,597delC
A18-ns,ethA,594delC
A18-ns,ethA,592_593delGG
A18-ns,ethA,593delG
A18-ns,ethA,592delG
A18-ns,ethA,587_591delACTCG
A18-ns,ethA,Ser197*
A18-ns,ethA,587_588dupAC
A18-ns,ethA,586dupG
A18-ns,ethA,586delG
A18-ns,ethA,584dupC
A18-ns,ethA,581_583delTGG
A18-ns,ethA,580dupC
A18-ns,ethA,579_580dupGC
A18-ns,ethA,578dupC
A18-ns,ethA,577delG
A18-ns,ethA,575delC
A18-ns,ethA,572delT
A18-ns,ethA,
A18-ns,ethA,
A18-ns,ethA,569_570dupTC
A18-ns,ethA,567_568dupGC
A18-ns,ethA,567dupG
A18-ns,ethA,562dupG
A18-ns,ethA,559delG
A18-ns,ethA,559dupG
A18-ns,ethA,Thr186Lys
A18-ns,ethA,556delA
A18-ns,ethA,553_554dupGC
A18-ns,ethA,549_552dupTGGC
A18-ns,ethA,552dupC
A18-ns,ethA,551dupG
A18-ns,ethA,549_551delTGG
A18-ns,ethA,550_551dupGG
A18-ns,ethA,549_550delTG
A18-ns,ethA,535delG
A18-ns,ethA,510_532dupCCTCGACTACGACGCTAAGAACA
A18-ns,ethA,531dupC
A18-ns,ethA,531_532insT
A18-ns,ethA,489_531delTCCGCAGCACTGGCCCGAGGACCTCGACTACGACGCTAAGAAC
A18-ns,ethA,488_531delNNNNNNNNNNNNNNNNNNNNNNNNNNNNNNNNNNNNNNNNNNNA
A18-ns,ethA,
A18-ns,ethA,525delT
A18-ns,ethA,509delA
A18-ns,ethA,504delC
A18-ns,ethA,501delG
A18-ns,ethA,487_499delCATCCGCAGCACT
A18-ns,ethA,493_494delCA
A18-ns,ethA,Gln165Pro
A18-ns,ethA,Gln165*
A18-ns,ethA,491dupC
A18-ns,ethA,491delC
A18-ns,ethA,490_491dupCC
A18-ns,ethA,489delT
A18-ns,ethA,488delA
A18-ns,ethA,487_488insG
A18-ns,ethA,487delC
A18-ns,ethA,481_482delAT
A18-ns,ethA,449_481delGATTCGCCGGCTCGGAGGATTTCGTCGGGCCGA
A18-ns,ethA,448_481delNNNNNNNNNNNNNNNNNNNNNNNNNNNNNNNNNT
A18-ns,ethA,477_480dupGCCG
A18-ns,ethA,478_480delCCG
A18-ns,ethA,479_480insT
A18-ns,ethA,479delC
A18-ns,ethA,478_479dupCC
A18-ns,ethA,477delG
A18-ns,ethA,477dupG
A18-ns,ethA,
A18-ns,ethA,471dupC
A18-ns,ethA,42_471del
A18-ns,ethA,470delT
A18-ns,ethA,
A18-ns,ethA,458dupG
A18-ns,ethA,452dupT
A18-ns,ethA,450delA
A18-ns,ethA,424_448dupAACTACGACGAGGGCTACTCGCCGA
A18-ns,ethA,446dupC
A18-ns,ethA,444delG
A18-ns,ethA,440_441dupAC
A18-ns,ethA,Tyr147*
A18-ns,ethA,440_441insT
A18-ns,ethA,439delT
A18-ns,ethA,437delG
A18-ns,ethA,436_437dupGG
A18-ns,ethA,437dupG
A18-ns,ethA,375_435delNNNNNNNNNNNNNNNNNNNNNNNNNNNNNNNNNNNNNNNNNNNNNNNNNNNNNNNNNNNNG
A18-ns,ethA,Tyr143*
A18-ns,ethA,403_424delTTTCTGTGCAGCGGCTACTACA
A18-ns,ethA,356_420delACATCCAAAGCCACGGCACGCTCAGCGCCCTCACCTGCGAATTCCTCTTTCTGTGCAGCGGCTAC
A18-ns,ethA,410_420dupGCAGCGGCTAC
A18-ns,ethA,Tyr140*
A18-ns,ethA,419delA
A18-ns,ethA,395_416delAATTCCTCTTTCTGTGCAGCGG
A18-ns,ethA,412dupA
A18-ns,ethA,405dupT
A18-ns,ethA,405delT
A18-ns,ethA,404_405insAT
A18-ns,ethA,395_401delAATTCCT
A18-ns,ethA,396delA
A18-ns,ethA,Glu132*
A18-ns,ethA,380_392dupGCGCCCTCACCTG
A18-ns,ethA,392delG
A18-ns,ethA,Cys131*
A18-ns,ethA,391delT
A18-ns,ethA,391dupT
A18-ns,ethA,380_389dupGCGCCCTCAC
A18-ns,ethA,388delA
A18-ns,ethA,385delC
A18-ns,ethA,385dupC
A18-ns,ethA,382_383delGC
A18-ns,ethA,377_383dupTCAGCGC
A18-ns,ethA,382dupG
A18-ns,ethA,57_382del
A18-ns,ethA,380dupG
A18-ns,ethA,377_378dupTC
A18-ns,ethA,371_375dupGCACG
A18-ns,ethA,371dupG
A18-ns,ethA,369delC
A18-ns,ethA,368delA
A18-ns,ethA,364dupA
A18-ns,ethA,364delA
A18-ns,ethA,361delC
A18-ns,ethA,Gln121*
A18-ns,ethA,360_361insGC
A18-ns,ethA,357_358dupCA
A18-ns,ethA,354dupT
A18-ns,ethA,349dupA
A18-ns,ethA,348dupG
A18-ns,ethA,Trp116*
A18-ns,ethA,341dupA
A18-ns,ethA,341delA
A18-ns,ethA,337_338dupGA
A18-ns,ethA,335delC
A18-ns,ethA,334delG
A18-ns,ethA,309_331delGGTGATCAGTGCCGATTGGTCGA
A18-ns,ethA,327delG
A18-ns,ethA,Trp109*
A18-ns,ethA,325dupT
A18-ns,ethA,321dupC
A18-ns,ethA,
A18-ns,ethA,313_319delATCAGTG
A18-ns,ethA,291_316delTATCCGGTTCCACCACAAGGTGATCA
A18-ns,ethA,315dupC
A18-ns,ethA,290_315delNNNNNNNNNNNNNNNNNNNNNNNNNA
A18-ns,ethA,314dupT
A18-ns,ethA,309_313dupGGTGA
A18-ns,ethA,312dupG
A18-ns,ethA,311delT
A18-ns,ethA,310delG
A18-ns,ethA,308dupA
A18-ns,ethA,308delA
A18-ns,ethA,241_307delNNNNNNNNNNNNNNNNNNNNNNNNNNNNNNNNNNNNNNNNNNNNNNNNNNNNNNNNNNNNNNNNNNA
A18-ns,ethA,306_307delCA
A18-ns,ethA,301delC
A18-ns,ethA,299delT
A18-ns,ethA,54_298del
A18-ns,ethA,297dupG
A18-ns,ethA,290delA
A18-ns,ethA,288delG
A18-ns,ethA,288dupG
A18-ns,ethA,280_284dupATCGA
A18-ns,ethA,282_283delCG
A18-ns,ethA,277_281dupGGAAT
A18-ns,ethA,277_281delGGAAT
A18-ns,ethA,280delA
A18-ns,ethA,280dupA
A18-ns,ethA,278dupG
A18-ns,ethA,278delG
A18-ns,ethA,Tyr92*
A18-ns,ethA,274dupT
A18-ns,ethA,
A18-ns,ethA,269_272dupCCAT
A18-ns,ethA,270delC
A18-ns,ethA,268delG
A18-ns,ethA,248_267delAGTACGTCAAGAGCACCGCG
A18-ns,ethA,
A18-ns,ethA,264delC
A18-ns,ethA,260_263delGCAC
A18-ns,ethA,262delA
A18-ns,ethA,Thr88Ile
A18-ns,ethA,262dupA
A18-ns,ethA,261dupC
A18-ns,ethA,239_261dupCCATCCTCGAGTACGTCAAGAGC
A18-ns,ethA,121_256del
A18-ns,ethA,Lys86*
A18-ns,ethA,253dupG
A18-ns,ethA,Tyr84*
A18-ns,ethA,251delA
A18-ns,ethA,Tyr84Asp
A18-ns,ethA,90_249del
A18-ns,ethA,245dupT
A18-ns,ethA,244delC
A18-ns,ethA,242_243insA
A18-ns,ethA,237_241dupGCCCA
A18-ns,ethA,240delC
A18-ns,ethA,231delC
A18-ns,ethA,230delA
A18-ns,ethA,229delG
A18-ns,ethA,223_226dupATCG
A18-ns,ethA,223delA
A18-ns,ethA,219_220insT
A18-ns,ethA,218delA
A18-ns,ethA,Gln73*
A18-ns,ethA,214delC
A18-ns,ethA,210_214delCGGAC
A18-ns,ethA,
A18-ns,ethA,210delC
A18-ns,ethA,208dupA
A18-ns,ethA,207delG
A18-ns,ethA,Trp69*
A18-ns,ethA,204dupC
A18-ns,ethA,203_204dupCC
A18-ns,ethA,204delC
A18-ns,ethA,
A18-ns,ethA,201dupT
A18-ns,ethA,197dupT
A18-ns,ethA,174_195delCATGTACACGCTAGGTTTCCGA
A18-ns,ethA,
A18-ns,ethA,
A18-ns,ethA,191_192insG
A18-ns,ethA,191delT
"A15-ns,A18-ns",ethA,Thr61Met
"A15-ns,A18-ns",ethA,181delA
"A15-ns,A18-ns",ethA,181dupA
"A15-ns,A18-ns",ethA,180dupC
"A15-ns,A18-ns",ethA,180delC
"A15-ns,A18-ns",ethA,Tyr60*
"A15-ns,A18-ns",ethA,162_177delCTCCGACTCCGACATG
"A15-ns,A18-ns",ethA,174delC
"A15-ns,A18-ns",ethA,Asp58Ala
"A15-ns,A18-ns",ethA,171_172insA
"A15-ns,A18-ns",ethA,Ser57Tyr
"A15-ns,A18-ns",ethA,167delA
"A15-ns,A18-ns",ethA,
A15-ns,ethA,156_157insT
A15-ns,ethA,133_152delTGGGATTTGTTCCGTTATCC
A15-ns,ethA,Pro51Leu
A15-ns,ethA,150delT
A15-ns,ethA,148delT
A15-ns,ethA,145dupC
A15-ns,ethA,143dupT
A15-ns,ethA,140delT
A15-ns,ethA,140dupT
A15-ns,ethA,136_139delGATT
A15-ns,ethA,137_138delAT
A15-ns,ethA,137delA
A15-ns,ethA,136delG
A15-ns,ethA,Trp45*
A15-ns,ethA,133delT
A15-ns,ethA,130_131delAC
A15-ns,ethA,130dupA
A15-ns,ethA,130delA
A15-ns,ethA,129dupC
A15-ns,ethA,125_128delGCGG
A15-ns,ethA,128delG
A15-ns,ethA,Gly43Cys
A15-ns,ethA,Gly43Ser
A15-ns,ethA,125delG
A15-ns,ethA,125dupG
A15-ns,ethA,
A15-ns,ethA,
A15-ns,ethA,3_123del
A15-ns,ethA,118_119insA
A15-ns,ethA,117delA
A15-ns,ethA,94_112delTACGCCATCCTGGAAAAGC
A15-ns,ethA,108_112delAAAGC
A15-ns,ethA,110delA
A15-ns,ethA,110dupA
A15-ns,ethA,106delG
A15-ns,ethA,
A15-ns,ethA,102_103insG
A15-ns,ethA,92_101delGCTACGCCAT
A15-ns,ethA,101delT
A15-ns,ethA,96delC
A15-ns,ethA,94_96dupTAC
A15-ns,ethA,94delT
A15-ns,ethA,Tyr32Asp
A15-ns,ethA,93dupC
A15-ns,ethA,92_93dupGC
A15-ns,ethA,89delA
A15-ns,ethA,89dupA
A15-ns,ethA,87delC
A15-ns,ethA,83_84delCG
A15-ns,ethA,83delC
A15-ns,ethA,83dupC
A15-ns,ethA,80delG
A15-ns,ethA,79delT
A15-ns,ethA,76delC
A15-ns,ethA,74dupA
A15-ns,ethA,74delA
A15-ns,ethA,12_73delCCTCGACGTTGTCATCGTGGGCGCTGGAATCTCCGGTGTCAGCGCGGCCTGGCACCTGCAGG
A15-ns,ethA,73delG
A15-ns,ethA,70delC
A15-ns,ethA,Gln24*
A15-ns,ethA,65delA
A15-ns,ethA,65dupA
A15-ns,ethA,His22Pro
A15-ns,ethA,Trp21*
A15-ns,ethA,61_62delTG
A15-ns,ethA,61delT
A15-ns,ethA,57_60dupGGCC
A15-ns,ethA,
A15-ns,ethA,49_59delGTCAGCGCGGC
A15-ns,ethA,56_57dupCG
A15-ns,ethA,56delC
A15-ns,ethA,49_53dupGTCAG
A15-ns,ethA,52dupA
A15-ns,ethA,48delT
A15-ns,ethA,47delG
A15-ns,ethA,40dupA
A15-ns,ethA,32delG
A15-ns,ethA,Gly11Val
A15-ns,ethA,Gly11Ala
A15-ns,ethA,27delC
A15-ns,ethA,27dupC
A15-ns,ethA,18_24dupCGTTGTC
A15-ns,ethA,21_24dupTGTC
A15-ns,ethA,24dupC
A15-ns,ethA,22delG
A15-ns,ethA,11_14dupACCT
A15-ns,ethA,
A15-ns,ethA,11_12delAC
A15-ns,ethA,11dupA
A15-ns,ethA,11delA
A15-ns,ethA,
A15-ns,ethA,9delG
A15-ns,ethA,8delA
A15-ns,ethA,7dupG
A15-ns,ethA,
A15-ns,ethA,
A15-ns,ethR,Ala95Thr
A15-ns,ethR,Phe110Leu
A10-ns,gid,659dupG
A10-ns,gid,Arg213*
A10-ns,gid,Arg206*
A10-ns,gid,615dupA
A10-ns,gid,611dupT
A10-ns,gid,604delG
A10-ns,gid,601delA
A10-ns,gid,597delC
A10-ns,gid,Tyr195*
A10-ns,gid,574_575delGG
A10-ns,gid,575dupG
A10-ns,gid,559_572delAGGGTGGTGACATG
A10-ns,gid,562dupG
A10-ns,gid,553dupG
A10-ns,gid,550delG
A10-ns,gid,548_549insA
A10-ns,gid,545dupG
A10-ns,gid,525delG
A10-ns,gid,518dupA
A10-ns,gid,Glu173*
A10-ns,gid,Glu170*
A10-ns,gid,487_507dupAAAGGCGAGCGGGCTCACGAC
A10-ns,gid,501_502delTC
A10-ns,gid,489delA
A10-ns,gid,Lys163*
A10-ns,gid,475delA
A10-ns,gid,471delG
A10-ns,gid,455delT
A10-ns,gid,452delC
A10-ns,gid,450delG
A10-ns,gid,351_446delGCGCGCCGAGGAGTCCTGGGTGCAGGACCAATTGGGCGGCAGCGACGCTGCGGTGTCACGGGCGGTGGCCGCGTTGGACAAGTTGACGAAATGGAG
A10-ns,gid,445dupA
A10-ns,gid,Trp148*
A10-ns,gid,441dupA
A10-ns,gid,438delG
A10-ns,gid,Lys144*
A10-ns,gid,418delG
A10-ns,gid,413delC
A10-ns,gid,Ser136*
A10-ns,gid,404delT
A10-ns,gid,Ala134Glu
A10-ns,gid,399dupT
A10-ns,gid,390delC
A10-ns,gid,386delG
A10-ns,gid,Gln127*
A10-ns,gid,Gln125*
A10-ns,gid,371delT
A10-ns,gid,370delG
A10-ns,gid,366_367delCT
A10-ns,gid,361delG
A10-ns,gid,336_359dupTGAGATCGTGCGGGGGCGCGCCGA
A10-ns,gid,357delC
A10-ns,gid,355_356delGC
A10-ns,gid,353delG
A10-ns,gid,352dupC
A10-ns,gid,351delG
A10-ns,gid,351dupG
A10-ns,gid,342delC
A10-ns,gid,337dupG
A10-ns,gid,329_330delTG
A10-ns,gid,326delG
A10-ns,gid,Leu108Arg
A10-ns,gid,320dupA
A10-ns,gid,319dupG
A10-ns,gid,314delT
A10-ns,gid,310dupA
A10-ns,gid,309_310insT
A10-ns,gid,Glu103*
A10-ns,gid,266_304delTTCTCCTAGAACCGCTACTGCGCCGCACCGAGTTTCTTC
A10-ns,gid,304delC
A10-ns,gid,Arg102*
A10-ns,gid,296dupA
A10-ns,gid,Glu99*
A10-ns,gid,292delA
A10-ns,gid,287_288dupGC
A10-ns,gid,287delG
A10-ns,gid,284delT
A10-ns,gid,Glu92*
A10-ns,gid,267delT
A10-ns,gid,Gln87*
A10-ns,gid,258_259insA
A10-ns,gid,258_259insG
A10-ns,gid,257delT
A10-ns,gid,Pro84Leu
A10-ns,gid,248_250dupGGC
A10-ns,gid,230_248delTGCCATTGGCGATAGCGCG
A10-ns,gid,247_248delCG
A10-ns,gid,247delC
A10-ns,gid,Ala80Pro
A10-ns,gid,Leu79Ser
A10-ns,gid,Leu79*
A10-ns,gid,227delG
A10-ns,gid,Pro75Arg
A10-ns,gid,Leu74*
A10-ns,gid,212_219delGAGCCGGG
A10-ns,gid,Gly73Ala
A10-ns,gid,200_214delATATCGGTAGCGGAG
A10-ns,gid,Gly71*
A10-ns,gid,Gly69Asp
A10-ns,gid,195dupC
A10-ns,gid,193dupG
A10-ns,gid,187delG
A10-ns,gid,180delA
A10-ns,gid,Glu60*
A10-ns,gid,165_167dupCGG
A10-ns,gid,163_165dupATC
A10-ns,gid,157delG
A10-ns,gid,Cys52*
A10-ns,gid,141delG
A10-ns,gid,137dupA
A10-ns,gid,136delG
A10-ns,gid,131_136delTATGGG
A10-ns,gid,Trp45*
A10-ns,gid,120dupA
A10-ns,gid,115delC
A10-ns,gid,114_115dupCC
A10-ns,gid,113_114insTACC
A10-ns,gid,110delG
A10-ns,gid,Gly37*
A10-ns,gid,107delT
A10-ns,gid,102delG
A10-ns,gid,102dupG
A10-ns,gid,94delG
A10-ns,gid,92delT
A10-ns,gid,87delC
A10-ns,gid,Gly28*
A10-ns,gid,77delT
A10-ns,gid,Leu26*
A10-ns,gid,Tyr22*
A10-ns,gid,52_59dupCTTGCTCG
A10-ns,gid,52delC
A10-ns,gid,48_51delTGGC
A10-ns,gid,48delT
A10-ns,gid,42delG
A10-ns,gid,41delC
A10-ns,gid,39delA
