Amplicon_ID,pLeft_ID,pLeft_coord,pLeft_length,pLeft_Tm,pLeft_GC,pLeft_Sequences,pLeft_EndStability,pRight_ID,pRight_coord,pRight_length,pRight_Tm,pRight_GC,pRight_Sequences,pRight_EndStability,Penalty,Product_size,Amplicon_type,Redesign,Designed_ranges,Designed_size,Group
infB-A1-ns,P1-ns-L1,3147018,20,60.32,65.0,GCGCTTCTGCCGCTTGGACT,3.85,P1-ns-R1,3148008,20,58.6,65.0,TAGGCGAGCTCGAACCACCG,4.94,1.71,990,Non_specific,-,"[3147104, 3147954]",850,3
protein_coding-A2-ns,P2-ns-L1,67555,20,59.75,65.0,ACCGACCACCCCGACYTGTT,3.16,P2-ns-R1,68467,20,59.7,65.0,AGTGCGATGACCAACCCCGC,6.13,0.55,912,Non_specific,-,"[67595, 68445]",850,1
protein_coding-A3-ns,P3-ns-L1,704806,20,60.04,65.0,GCTTGCGGCTCCAGATGCCA,4.92,P3-ns-R1,705788,20,60.39,65.0,TCGAGACCGTGGCGCTCGAT,3.59,0.43,982,Non_specific,-,"[704903, 705753]",850,1
rplN-A4-ns,P4-ns-L1,811195,21,60.05,66.66666666666667,GCGCTGAGTAGGTCGTCCCCT,4.79,P4-ns-R1,812089,20,59.97,65.0,GGCGCGGCTGAACCTTCTGT,3.41,1.07,894,Non_specific,-,"[811222, 812022]",800,3
protein_coding-A5-ns,P5-ns-L1,869352,20,60.04,65.0,TAGCCGAAACAGCGCCACCG,4.94,P5-ns-R1,870353,20,60.11,65.0,GCGACCGCCGAATCTGCAGT,4.4,0.16,1001,Non_specific,-,"[869440, 870240]",800,2
protein_coding-A6-ns,P6-ns-L1,895403,20,59.9,65.0,CCGCTTGAACCCGGCCAGTT,3.16,P6-ns-R1,896322,20,59.91,65.0,TTGCCGTATCCGCCGATGCC,4.4,0.19,919,Non_specific,-,"[895457, 896257]",800,2
echA7-A7-ns,P7-ns-L1,1082282,20,60.45,65.0,GACTCGACGATGGCGCGCAA,4.85,P7-ns-R1,1083218,20,59.97,65.0,AAACCGGCAAGCTACGCCCC,5.8,0.47,936,Non_specific,-,"[1082388, 1083138]",750,4
protein_coding-A8-ns,P8-ns-L1,2825328,20,60.32,65.0,ACCGCCCGGGTATCGCTGAA,3.02,P8-ns-R1,2826202,20,59.98,65.0,CGACGAGGCGCACCTGTTGT,3.32,0.34,874,Non_specific,-,"[2825377, 2826127]",750,4
gyrA-A9-ns,P9-ns-L1,9714,20,60.25,65.0,ATCTGGGCGAGGGCGACACA,3.72,P9-ns-R1,10547,20,59.71,65.0,GCGCCACCGACAACAACAGC,4.4,0.54,833,Non_specific,-,"[9777, 10527]",750,1
protein_coding-A10-ns,P10-ns-L1,32289,20,60.11,65.0,GCGTGCGGGGATGGCTGATT,2.57,P10-ns-R1,33079,20,60.18,65.0,CTCGGTGGCGGCCAACAACA,3.33,0.29,790,Non_specific,-,"[32327, 33027]",700,2
protein_coding-A11-ns,P11-ns-L1,69502,20,59.97,65.0,TGTCGGCGATCCTGGTCGGT,4.69,P11-ns-R1,70358,20,59.84,60.0,ACGCGTTGCACCCGTTCCTT,3.36,0.19,856,Non_specific,-,"[69578, 70278]",700,2
ctpI-A12-ns,P12-ns-L1,129737,20,60.39,60.0,TTGCAGGCTGCGTTGCACCA,4.17,P12-ns-R1,130535,20,60.11,65.0,ATCCCGGGTGTGGCCACTGT,3.55,0.5,798,Non_specific,-,"[129800, 130500]",700,3
mak-A13-ns,P13-ns-L1,155039,20,59.78,65.0,GAACCGCGCAGGCAACGTTC,3.95,P13-ns-R1,155834,20,59.91,65.0,CCACGCGTCGTCCCCAAACA,2.83,0.31,795,Non_specific,-,"[155099, 155749]",650,4
gabD1-A14-ns,P14-ns-L1,281106,20,59.7,65.0,GGACCAGCGTGGCGGAACAT,2.71,P14-ns-R1,281882,20,58.61,60.0,TGGCTGGTGGCATCGGGAAA,3.13,1.69,776,Non_specific,-,"[281165, 281815]",650,1
protein_coding-A15-ns,P15-ns-L1,341865,20,60.18,65.0,TGTTCGCCCGCAACACCCTG,4.45,P15-ns-R1,342680,20,60.04,65.0,ATGACCACGGCGAGCCAACG,4.1,0.22,815,Non_specific,-,"[341945, 342595]",650,5
mmpL4-A16-ns,P16-ns-L1,540738,20,59.96,65.0,AGCCCCGCTATGCCCCAGAA,3.02,P16-ns-R1,541456,20,60.39,65.0,CGCTCGCCCCGAAAAGCCAT,4.4,0.42,718,Non_specific,-,"[540824, 541424]",600,1
protein_coding-A17-ns,P17-ns-L1,990099,20,59.98,65.0,TGACCAACCGCACGACGTCG,5.12,P17-ns-R1,990822,20,59.83,65.0,CCATAGCCGGGGCGTGCATT,3.56,0.19,723,Non_specific,-,"[990158, 990758]",600,2
protein_coding-A18-ns,P18-ns-L1,1233013,20,59.71,65.0,ACAGTCGTYCGACGGCCAGC,4.85,P18-ns-R1,1233649,20,59.78,65.0,GCTTTGCGGTCAACGTCGGC,5.54,0.51,636,Non_specific,-,"[1233076, 1233626]",550,1
metK-A19-ns,P19-ns-L1,1567606,20,59.77,65.0,GCTCACCGGCCGCAAGATCA,2.92,P19-ns-R1,1568324,20,59.97,65.0,ACCCGCATCGAGGTGACCGA,4.69,0.26,718,Non_specific,-,"[1567726, 1568276]",550,3
protein_coding-A20-ns,P20-ns-L1,1597199,20,59.78,65.0,CGGTCGCGGCTCTTGACGAA,3.85,P20-ns-R1,1597917,20,59.91,65.0,ATCGGTCGTCATCGCCACGC,5.34,0.31,718,Non_specific,-,"[1597275, 1597825]",550,4
ppnK-A21-ns,P21-ns-L1,1919322,20,60.25,65.0,TGTCCACGCCGACCGGATCA,2.92,P21-ns-R1,1919978,20,59.23,65.0,ATCACGCTGCCGTCCTCGTC,4.2,1.02,656,Non_specific,-,"[1919431, 1919931]",500,2
protein_coding-A22-ns,P22-ns-L1,2244965,20,60.18,65.0,GCCACTGCCAACCCGAGCAA,3.91,P22-ns-R1,2245616,20,58.92,60.0,TGCCCTTGAGTTGACGCCGT,5.68,1.26,651,Non_specific,-,"[2245075, 2245575]",500,3
prcA-A23-ns,P23-ns-L1,2368821,20,59.69,60.0,AAATCCGCACCAGCCGCCAT,4.4,P23-ns-R1,2369452,20,59.64,65.0,ACGTCACGGGTYGGCAGTTG,3.16,0.68,631,Non_specific,-,"[2368902, 2369402]",500,4
protein_coding-A24-ns,P24-ns-L1,2470436,20,59.83,65.0,GCAGTCCGGTGCCACCAACA,3.33,P24-ns-R1,2471036,20,60.04,65.0,AGTCCACCACATCGCGCACG,5.34,0.21,600,Non_specific,-,"[2470555, 2471005]",450,3
protein_coding-A25-ns,P25-ns-L1,2729160,20,59.97,60.0,TGGTGCAAGTCGCGGCGAAT,3.34,P25-ns-R1,2729756,20,60.04,65.0,ACAATTGCCCRAGGAGCCGC,6.53,0.07,596,Non_specific,-,"[2729228, 2729678]",450,5
proB-A26-ns,P26-ns-L1,2737031,20,59.91,65.0,ATACCCGCTCGGCCGCAATG,2.82,P26-ns-R1,2737597,20,60.88,65.0,TACTGGCGGCATGGCGTCCA,4.02,0.97,566,Non_specific,-,"[2737102, 2737552]",450,4
dprE1-A27-ns,P27-ns-L1,4236615,20,60.11,65.0,CCCAACGGGCTGGCCAACAA,2.83,P27-ns-R1,4237162,20,59.7,65.0,ACAGCAGCTCCAAGCGTCGG,4.79,0.41,547,Non_specific,-,"[4236697, 4237097]",400,6
protein_coding-A28-ns,P28-ns-L1,68444,20,59.84,65.0,ATCGCGGGGTTGGTCATCGC,4.58,P28-ns-R1,69000,20,59.91,65.0,GCACACCACACCGAGCGTGA,4.35,0.26,556,Non_specific,-,"[68488, 68888]",400,2
fadD2-A29-ns,P29-ns-L1,324721,20,59.7,65.0,GCTCGCAGCCGATATCCGCA,5.69,P29-ns-R1,325300,20,60.05,65.0,AGCGTCGGCGGTGTGTTACG,3.18,0.34,579,Non_specific,-,"[324838, 325238]",400,1
eccA3-A30-ns,P30-ns-L1,342864,20,59.98,65.0,GCTGCTGTCYACGGTGCACT,4.4,P30-ns-R1,343320,20,58.98,65.0,CACCCGGGCAATGGTGGTCT,3.85,1.05,456,Non_specific,-,"[342917, 343267]",350,1
glnH-A31-ns,P31-ns-L1,497744,20,60.25,65.0,TGCGTTGGTTGGCGTKGAGG,4.63,P31-ns-R1,498251,20,59.97,65.0,TGGCCTTGGCGATGGTGCTG,4.41,0.28,507,Non_specific,-,"[497835, 498185]",350,1
yrbE2A-A32-ns,P32-ns-L1,685291,20,59.17,65.0,GCGTCTCGTTGCTGCCAACC,3.77,P32-ns-R1,685823,20,60.4,65.0,ACTCCCTTGGGGCCGCCTTT,3.11,1.22,532,Non_specific,-,"[685403, 685753]",350,3
rplE-A33-ns,P33-ns-L1,812568,20,60.04,65.0,GACGAAGGCCGAGCGRTGTT,3.16,P33-ns-R1,813062,20,59.98,65.0,GTGCGGCAAGCTGACCTCGT,4.18,0.07,494,Non_specific,-,"[812658, 812958]",300,2
protein_coding-A34-ns,P34-ns-L1,830942,20,59.49,65.0,TGCGCCAGGCCTATGACAGC,4.4,P34-ns-R1,831423,20,59.97,65.0,TGGCGTCCATGCTTGGCCTG,4.85,0.54,481,Non_specific,-,"[831056, 831356]",300,3
